GridcellIndex,Cohort_FunctionalGroupIndex,Cohort_AdultMass,Cohort_Consumed_Autotroph,Cohort_Consumed_Herbivore,Cohort_Consumed_Omnivore,Cohort_Consumed_Carnivore
0,0,455902,3.50663e+009,0,0,0
0,0,36593,2.14372e+008,0,0,0
0,0,11184.4,1.22414e+008,0,0,0
0,0,348711,9.04117e+008,0,0,0
0,0,1504.98,2.31969e+006,0,0,0
0,0,44.6019,3.2211e+008,0,0,0
0,0,2594.96,8.9587e+009,0,0,0
0,0,453.483,5.60724e+009,0,0,0
0,0,1493.45,2.03687e+010,0,0,0
0,0,442.04,1.08936e+007,0,0,0
0,0,127550,2.20966e+009,0,0,0
0,0,12009.9,8.52638e+009,0,0,0
0,0,36522.3,9.24442e+008,0,0,0
0,0,88.5804,9.04306e+006,0,0,0
0,0,42.1353,5.5e+007,0,0,0
0,0,43.909,4.6143e+008,0,0,0
0,0,1501.74,5.27966e+008,0,0,0
0,0,6270.87,1.49452e+007,0,0,0
0,1,24805.7,0,236793,74038.2,6.43601e+007
0,1,25836.5,0,3.85917e+007,1.19718e+007,3.98801e+010
0,1,25369.9,0,5.41778e+010,1.69858e+010,4.22028e+010
0,1,24753.2,0,8.16387e+008,4.40972e+008,5.51687e+009
0,2,13521.7,5.85335e+007,3.22602e+006,1.70587e+008,2.18346e+007
0,2,7011.96,3.98063e+007,3.95534e+006,9.56122e+007,1.68461e+007
0,2,263.68,1.1011e+010,4.23492e+006,5.68951e+006,3.80992e+006
0,2,3413.69,2.2861e+009,7.10277e+007,5.82259e+008,1.12457e+009
0,2,44769.6,1.09425e+009,5.3566e+006,5.85132e+008,1.2057e+008
0,2,13521.7,4.44647e+008,4.9035e+007,5.35565e+008,1.56327e+008
0,2,9069.94,3.01511e+009,3.44414e+007,1.20605e+008,1.28325e+008
0,2,2457.55,1.08227e+011,1.26902e+008,1.471e+009,2.03573e+009
0,2,531.856,1.09717e+010,911207,1.1977e+006,470881
0,2,265.655,4.58455e+008,690407,24434.7,398543
0,2,3580.85,9.72017e+009,1.35459e+007,1.45706e+008,7.65214e+008
0,2,13521.7,4.2933e+008,4.40567e+006,5.72402e+007,1.98581e+008
0,2,7011.96,3.57978e+009,8.61078e+006,7.15713e+007,7.78438e+007
0,2,8547.5,7.09903e+009,1.06347e+007,3.43504e+007,1.46057e+008
0,2,3413.69,1.0271e+009,49418.1,31029.5,44826.4
0,2,268.573,1.29786e+008,161425,1.39266e-008,264.143
0,2,7011.96,4.4855e+008,118375,136103,96454.4
0,3,246.996,8.34725e+007,0,0,0
0,3,110.696,3.18668e+008,0,0,0
0,3,36.8055,3.14344e+007,0,0,0
0,3,62.7695,3.53648e+007,0,0,0
0,3,3.118,1.04007e+007,0,0,0
0,3,2.8038,3.13051e+008,0,0,0
0,3,381.107,1.41025e+008,0,0,0
0,4,798.043,0,5.98607e+008,5.35927e+009,1.39246e+010
0,4,111.161,0,1.35309e+007,66208.9,3.30891e+006
0,4,79.2197,0,0,0,0
0,4,2001,0,7.32091e+008,4.57004e+009,3.50587e+009
0,4,13.8591,0,0,0,0
0,4,720.999,0,1.55147e+006,2.90824e+006,1.20478e+006
0,4,447.827,0,2.40894e+006,5.0797,11320.2
0,5,1230.76,5.16698e+008,355528,1.31324e+006,811492
0,5,212.924,1.52482e+009,579541,1.05198e+006,461888
0,5,212.48,5230.61,23.5893,0.0134345,1.96027
0,5,2.21696,47.0237,0,0,3.01438e-013
0,5,12.5492,2.39479e+007,11028.7,1.22579e-009,12.7428
0,5,662.522,1.22973e+008,670666,42.4292,21105.9
0,6,397.909,5.66299e+006,0,0,0
0,6,4361.31,3.42626e+006,0,0,0
0,6,29098.3,4.94816e+008,0,0,0
0,6,14255.9,1.48465e+008,0,0,0
0,6,1624.31,2.52401e+007,0,0,0
0,6,1759.23,4.34599e+008,0,0,0
0,6,230.921,1.69285e+008,0,0,0
0,6,1722.42,9.70924e+008,0,0,0
0,6,397.957,2.77688e+007,0,0,0
0,6,238.148,4.20416e+006,0,0,0
0,6,1734.54,2.65289e+008,0,0,0
0,6,420.485,1.85824e+006,0,0,0
0,6,238.148,1.43168e+006,0,0,0
0,6,1608.51,7.52973e+007,0,0,0
0,6,4156.31,1.20924e+007,0,0,0
0,7,5584.63,0,5.22508e+006,6.48105e+007,1.71726e+007
0,7,1009.7,0,87923.1,1.43478e+006,4.52897e+006
0,7,1628.91,0,1.94007e+008,8.30566e+008,9.5618e+008
0,7,14221.9,0,6.82739e+006,3.40065e+008,5.28217e+007
0,7,154.985,0,354336,99728.5,472343
0,7,178.317,0,1.76705e+007,551.434,256163
0,7,6055.03,0,1.85929e+008,3.34959e+009,3.10418e+009
0,7,14928.5,0,2.2553e+007,4.84414e+008,1.19648e+008
0,7,364.275,0,1.80275e+008,2.17577e+008,1.43787e+008
0,7,15905,0,1.33411e+007,1.09747e+008,2.19013e+008
0,7,5584.63,0,9.07007e+006,1.14391e+007,4.29509e+006
0,7,154.985,0,13519.2,3.7067e-009,7.42396e-007
0,7,1055.68,0,291126,403371,54649
0,7,395.725,0,1.404e+006,1.65048e+006,1.12594e+006
0,7,1613.87,0,3.55414e+008,2.56099e+008,6.04774e+007
0,7,974.299,0,885106,5287.35,499712
0,7,386.833,0,5.70218e+006,4.32191e-007,16772.1
0,8,10676.2,3.9039e+007,2.64945e+006,1.25998e+008,1.61989e+007
0,8,228.681,627657,231.902,440.214,171.956
0,8,5733.15,270492,44339.5,483908,104096
0,8,644.023,3.0736e+008,335816,2.55893e+006,1.05409e+007
0,8,106.959,1.29544e+008,21521.9,4039.42,30628.7
0,8,5707.62,2.29578e+006,617.259,672.307,630.923
0,8,228.681,8.44837e+006,42710.7,0.850168,526.588
0,8,98.644,5.84974e+007,303188,32.5422,11043.2
1,0,110692,4.14329e+009,0,0,0
1,0,304.756,9.47662e+007,0,0,0
1,0,125.154,7.57975e+010,0,0,0
1,0,214.145,3.87248e+006,0,0,0
1,0,15325,1.07338e+010,0,0,0
1,0,250.676,2.33785e+006,0,0,0
1,0,304.167,1.73882e+009,0,0,0
1,0,261.299,5.47438e+006,0,0,0
1,0,134.389,3.66879e+011,0,0,0
1,0,304.756,2.8829e+008,0,0,0
1,0,122.923,2.27182e+010,0,0,0
1,0,846053,3.26689e+009,0,0,0
1,2,6765.24,4.88317e+006,362898,4.24028e+007,1.2241e+007
1,2,13065.4,5.0664e+008,1.20459e+006,4.42326e+007,7304.48
1,2,16445.2,4.07685e+007,269405,1.68186e+006,1140.77
1,2,31625.1,2.68141e+008,2.87067e+006,3.48345e+006,20401.4
1,2,16445.2,2.12001e+008,1.16617e+007,1.01416e+009,3.88066e+008
1,2,1360.15,2.09111e+006,7.86331e+006,8.51857e+008,1.65486e+008
1,2,2318.13,8.71937e+007,3.64967e+007,3.68675e+009,1.32449e+009
1,2,327.224,2.63521e+008,5.45625e+010,2.01901e+010,6.66454e+010
1,2,1323.96,1.28858e+007,4.59419e+007,9.99082e+009,1.08625e+009
1,2,1330.72,24542.6,9.95448e+006,1.73899e+006,2.30702e+008
1,2,3773.68,72964.4,2.06427e+007,2.47925e+007,3.31809e+008
1,2,305.769,8.62848e+010,1.87226e+010,7.3042e+010,6.01939e+011
1,2,1198.61,2.63113e+007,5.57914e+009,1.02974e+010,2.8008e+010
1,2,16445.2,450037,2.94179e+006,3.64475e+008,3.71431e+007
1,2,33851.5,9.00598e+006,7.43829e+006,1.20034e+009,4.37184e+008
1,2,360.016,1.45173e+010,916.989,1583.47,397.907
1,2,1329.87,9.48083e+008,463327,7.50741e+008,2.11367e+008
1,2,1264.87,4.99393e+007,1.88649e+009,2.21582e+008,3.89905e+009
1,2,2155.03,2.15117e+007,9.99147e+008,1.24213e+009,2.87728e+010
1,3,297.243,5.78028e+008,0,0,0
1,3,205.816,1.04909e+009,0,0,0
1,3,15.4816,3.3753e+009,0,0,0
1,3,41.6147,1.15648e+011,0,0,0
1,3,16.4708,2.57037e+008,0,0,0
1,3,3.53284,1395.76,0,0,0
1,4,135.895,0,2.77859e+007,7.25961e+006,7.15617e+008
1,4,22.4914,0,1.23279e+009,1.64482e+009,5.30903e+007
1,4,22.2248,0,3.0551e-005,725.367,135.963
1,4,423.539,0,207824,132270,3.6505e+006
1,4,29.9273,0,0.00033157,0,0
1,4,74.9302,0,4.63657e+006,8.76708e+006,266109
1,4,744.084,0,4.858e+007,5.97968e+007,6.42445e+008
1,5,676.497,806445,2.10903e+007,6.91472e+008,6.13707e+007
1,5,7.70364,9.92973e+009,617.211,5.23667e+007,3.15773e+007
1,5,113.598,12085.7,18994.8,4244.19,26193
1,5,74.8534,3.39771e+007,5.38047e+009,2.19591e+009,6.55168e+010
1,5,2.59826,6.23022e+006,2.47745e-008,0,0
1,5,63.4143,3.19995e+010,1.24894e+010,5.04832e+009,2.56783e+010
1,5,1950.6,130153,1.19039e+007,8.97519e+006,3.21961e+008
1,5,117.418,3.93027e+010,39726.2,9.94952e+008,4.98463e+008
1,5,843.938,2.08756e+007,1.9475e+008,3.04532e+007,2.26856e+008
1,5,2.54319,3.19595e+007,4.39109e-007,0,0
1,6,30121.6,8.04009e+007,0,0,0
1,6,63881.6,1.73674e+008,0,0,0
1,6,439.848,8.40817e+007,0,0,0
1,6,115.301,2.58748e+008,0,0,0
1,6,224.939,2.75464e+008,0,0,0
1,6,119.35,3.17044e+008,0,0,0
1,6,143.789,2.20599e+008,0,0,0
1,6,143.789,1.35973e+008,0,0,0
1,6,224.939,1.24796e+008,0,0,0
1,6,438.916,3.19612e+006,0,0,0
1,6,223.536,1.18151e+007,0,0,0
1,6,114.067,8.54368e+007,0,0,0
1,6,133.705,7.07258e+007,0,0,0
1,7,30417.4,0,5.73884e+007,2.47716e+009,353723
1,7,12230.7,0,5.96554e+007,7.16058e+008,215082
1,7,16217.9,0,4.17549e+007,3.83131e+009,326721
1,7,34624.9,0,1.58495e+008,8.70384e+007,1.23968e+006
1,7,476.61,0,6.32179e+007,2.54137e+008,7.25065e+007
1,7,120.859,0,9.05155e+009,2.72e+009,3.17857e+011
1,7,75.7536,0,8.64344e+006,2.05192e+007,2.95169e+008
1,7,212.091,0,1.0204e+008,2.09719e+007,1.41003e+008
1,7,195.603,0,8.43329e+006,6.12709e+006,2.29187e+008
1,7,73.5305,0,0.000139073,467.487,86.1018
1,7,124.115,0,2.79876e+010,1.50219e+010,3.89477e+009
1,7,121.171,0,1.67652e-006,73.7124,24.1558
1,7,34624.9,0,2.48408e+006,3.48139e+008,9.29658e+007
1,7,490.162,0,3.80265e+008,1.1827e+008,5.55445e+008
1,7,248.07,0,1.99753e+007,1.87556e+008,4.00016e+007
1,8,2884.88,58194.8,30977.2,3.03716e+006,1.03013e+006
1,8,158.872,55931.9,1.78659e+007,4.1556e+006,6.82042e+008
1,8,10723.6,2.87309e+008,548024,3.5385e+007,4297.62
1,8,6934.68,4.46527e+007,1.03966e+006,1.31997e+008,3.58893e+007
1,8,2273.44,37106.1,84528,1.97761e+007,2.94775e+006
1,8,1175.15,201689,877887,1.54585e+008,1.79755e+007
1,8,81.894,2.80426e+010,1.04224e+011,5.05069e+010,4.78002e+011
1,8,162.471,490384,4.35239e+006,8.11204e+006,1.54461e+008
1,8,275.131,361248,8.02274e+007,3.00053e+007,2.15114e+009
1,8,2273.44,1.43799e+006,5.42241e+007,6.13928e+006,5.2322e+007
1,8,158.872,9.33942e+008,3.25111e+009,7.62733e+008,1.97899e+008
1,8,1362.53,37515,8.98727e+006,4.19315e+006,1.1247e+007
1,8,284.228,9.89321e+006,1.12754e+008,3.10699e+007,6.61882e+006
1,8,81.894,125.372,3.98599e-012,0.000456147,0.000117312
1,8,165.445,95076.2,2.42116e-008,2.04737e-006,3.52568e-006
1,8,1080.4,1.16227e+006,5.02197e+007,5.56336e+006,4.88504e+007
1,8,2872.91,814.733,370145,65119.2,8.26527e+006
2,0,33762.3,2.32539e+008,0,0,0
2,0,20261.8,1.6837e+008,0,0,0
2,0,2.59651e+006,4.00615e+009,0,0,0
2,0,6131.35,1.71694e+009,0,0,0
2,0,1523.39,230596,0,0,0
2,0,1343.74,1.41014e+009,0,0,0
2,0,652.342,3.80938e+009,0,0,0
2,0,6206.02,3.23271e+008,0,0,0
2,0,20261.8,2.81176e+009,0,0,0
2,0,324.972,1.58441e+010,0,0,0
2,0,1541.28,1.36281e+009,0,0,0
2,0,1406.52,1.93572e+009,0,0,0
2,0,706.771,6.46455e+008,0,0,0
2,0,6565.1,8.55924e+009,0,0,0
2,0,1520.45,5.39074e+006,0,0,0
2,0,1404.96,1.76381e+006,0,0,0
2,0,1531.5,711602,0,0,0
2,0,20314.1,3.72105e+008,0,0,0
2,0,6745.8,4.55362e+009,0,0,0
2,0,652.342,2.34413e+009,0,0,0
2,1,29766.1,0,3.21275e+007,5.98718e+007,1.00929e+008
2,1,99258.6,0,4.20064e+008,2.23356e+009,3.02109e+008
2,1,14217.5,0,659696,19038.1,62411.2
2,2,55450.5,4.50903e+008,97283.5,561384,451837
2,2,934.083,5.46054e+006,10737.3,7139.65,567.116
2,2,21616.5,2.73117e+007,5510.2,15260.6,27465.7
2,2,2705.87,1.36927e+009,2.95019e+007,1.5172e+006,5.17207e+006
2,2,806.478,1.95012e+006,4499.79,2665.01,448.695
2,2,9543.27,9.59321e+008,4.93902e+006,1.05173e+006,757226
2,2,369.158,1.42083e+007,17222.2,2852.84,14.3069
2,2,8312.78,9.48286e+008,7.77481e+006,1.10695e+006,2.78452e+006
2,2,7876.07,1.77053e+008,2.79152e+006,199100,567223
2,2,22662.2,3.80309e+009,7.90855e+007,4.1283e+006,1.72306e+007
2,2,2109.81,1.5845e+008,1.34214e+006,194604,92062.2
2,2,365.035,1.4846e+009,5.25589e+006,17612.9,0
2,2,806.478,2.20756e+008,535687,3385.51,0
2,2,3432.27,2.05062e+009,1.60123e+006,885495,8687.62
2,2,806.478,1.86865e+009,3.69738e+007,96.8209,0
2,2,331.11,2.98986e+007,794771,0.798334,0
2,2,10084.7,2.84872e+009,6.09751e+006,2.24821e+006,49248.2
2,2,53891.8,1.66515e+009,2.66073e+007,1.09135e+006,3.47488e+006
2,2,2705.87,1.26728e+009,2.44629e+007,17.1326,0
2,2,21416.9,1.24316e+008,1.7987e+006,82924.9,171472
2,2,7351.63,4.06363e+007,236044,151.955,0
2,2,861.904,4.31418e+006,92017.7,0.000283601,0
2,2,369.158,2.81488e+007,169092,0.00015734,0
2,3,100.049,1.89437e+008,0,0,0
2,3,25.5839,3.89719e+007,0,0,0
2,3,77.3798,1.41709e+008,0,0,0
2,3,5.91016,1.19813e+009,0,0,0
2,3,218.056,5.76118e+008,0,0,0
2,3,109.88,1.12567e+009,0,0,0
2,3,5.67329,3.56245e+008,0,0,0
2,4,1109.14,0,610260,189142,14254.7
2,5,749.802,8.98295e+006,7765.48,3915.93,36.7653
2,5,290.578,5.21669e+007,83561.2,4495.83,31.8218
2,5,133.541,9.11484e+006,53608.6,13.6163,0
2,5,513.304,3.39859e+007,774181,18.6625,0
2,5,101.082,9.17636e+007,1.26288e+006,48.286,0
2,5,808.309,2.65923e+007,563281,1.50826,0
2,6,83644,1.24305e+008,0,0,0
2,6,548.029,1.32141e+008,0,0,0
2,6,3783.24,2.0638e+008,0,0,0
2,6,36951.3,4.58159e+008,0,0,0
2,6,14318.8,5.1478e+007,0,0,0
2,6,2606.57,6.7772e+007,0,0,0
2,6,216.921,1.57648e+008,0,0,0
2,6,110.022,4.15215e+008,0,0,0
2,6,142.823,3.70043e+006,0,0,0
2,6,390.811,4.61033e+007,0,0,0
2,6,558.399,1.58784e+007,0,0,0
2,6,8311.38,3.40979e+006,0,0,0
2,6,156.678,1.35039e+008,0,0,0
2,6,2935.86,3.48909e+007,0,0,0
2,6,99.0449,1.55382e+008,0,0,0
2,6,588.478,600702,0,0,0
2,6,114.104,5.48998e+007,0,0,0
2,6,399.382,5.52025e+006,0,0,0
2,6,156.351,1.90238e+007,0,0,0
2,6,3783.24,5.45886e+008,0,0,0
2,6,542.161,184014,0,0,0
2,6,2820.97,9.67208e+006,0,0,0
2,6,544.103,9.82696e+007,0,0,0
2,7,2137.3,0,3.62932e+008,2.13369e+007,5.37726e+007
2,7,24798.9,0,4.76998e+008,6.93683e+007,1.68621e+008
2,7,3536.99,0,4.02683e+009,1.48977e+008,5.32012e+008
2,7,3482.04,0,1.80442e+009,1.20385e+008,361943
2,7,2209.16,0,9.54838e+008,2.22252e+006,0
2,8,9763.17,9.49138e+008,3.44531e+007,1.57332e+006,4.91246e+006
2,8,594.847,1.05597e+006,1614.57,603.526,39.2214
2,8,17526.6,3.72478e+008,998396,140085,193875
2,8,38003.8,1.24338e+008,223284,75846.4,113587
2,8,534.066,4.11524e+007,88639.1,2956.76,6.59765
2,8,173.623,4.76816e+007,1.51947e+006,0.41838,0
2,8,551.506,1.16369e+007,119320,0.518271,0
2,8,631.885,1.61953e+008,1.17035e+006,1528.84,0
2,8,173.623,1.49853e+006,16734.9,5.10283e-006,0
2,8,573.991,7.40163e+006,47317.4,5.67736e-006,0
2,8,185.846,389756,9.14272,0,0
3,0,18515.1,1.03189e+010,0,0,0
3,0,48304.6,5.96422e+009,0,0,0
3,0,79526.7,3.07965e+009,0,0,0
3,0,1923.21,2.24071e+009,0,0,0
3,0,6177.5,3.9685e+008,0,0,0
3,0,18913.3,1.48411e+010,0,0,0
3,0,1795.37,2.29105e+009,0,0,0
3,0,128210,3.51219e+009,0,0,0
3,0,178.81,1.06746e+010,0,0,0
3,0,113.519,8.32864e+008,0,0,0
3,0,114.261,1.48884e+008,0,0,0
3,0,179.689,8.1382e+008,0,0,0
3,0,1947.46,1.53851e+008,0,0,0
3,0,21101.3,1.60985e+010,0,0,0
3,0,18613.7,3.98299e+010,0,0,0
3,0,121.511,4.98991e+008,0,0,0
3,0,166.972,1.50833e+006,0,0,0
3,0,2.70317e+006,1.46977e+010,0,0,0
3,1,91219.5,0,5.75091e+006,3.60473e+006,2.70017e+007
3,1,39417.8,0,3.76829e+010,2.67155e+010,8.48456e+009
3,1,64607.7,0,4.65157e+009,1.06681e+009,2.5817e+010
3,1,28672.4,0,3.58867e+008,2.35719e+008,6.64057e+008
3,1,45963.6,0,1.76045e+008,2.9379e+008,1.1086e+009
3,1,18632.6,0,4.92346e+008,3.7348e+009,1.7052e+009
3,1,63616.8,0,1.7654e+010,1.19879e+010,1.09266e+011
3,1,17659.1,0,987731,1.66548e+007,190498
3,1,26884.9,0,2.62637e+007,3.44827e+007,1.03185e+009
3,1,64774.4,0,3.29327e+009,1.28991e+010,2.84041e+010
3,1,38673,0,1.0026e+008,1.32178e+008,3.99132e+009
3,1,16420.6,0,6.50734e+008,9.6313e+009,1.31211e+009
3,1,28553.4,0,5.51004e+008,1.02091e+010,5.8929e+007
3,2,2295.65,145416,56418.5,2.17133e+006,27618.4
3,2,9270.27,1.02364e+010,8.99235e+008,1.01061e+010,8.01957e+008
3,2,5704.49,1.13154e+009,4.92956e+008,1.78766e+010,1.3112e+008
3,2,2374.71,249999,40812,832950,57592.6
3,2,5471.79,3.75731e+009,4.03986e+008,2.19572e+010,2.57814e+008
3,2,36068.4,1.67167e+009,4.94867e+008,7.40627e+008,1.78782e+008
3,2,307.705,1.00888e+011,3.48616e+010,1.47919e+009,1.25292e+010
3,2,2295.65,1.0047e+007,23289.3,141081,231462
3,2,441.18,7.65707e+009,1.95772e+006,1.74552e+007,6.88422e+006
3,2,9675.07,1.65144e+011,1.10373e+008,8.5124e+008,1.27029e+009
3,2,5570.2,5.41883e+009,869868,4.64449e+006,1.98857e+007
3,2,2110.57,72049.6,843.775,5.09843e+007,0.66005
3,2,5627.37,1.32077e+007,147315,8.63348e+009,131.055
3,3,14.724,1.07082e+006,0,0,0
3,3,29.5873,851123,0,0,0
3,3,149.814,1.16413e+008,0,0,0
3,3,14.724,5.2107e+008,0,0,0
3,4,5.49015,0,2.12071e-005,154.666,6.9668e-014
3,4,405.184,0,189731,9.33935e+008,41875.1
3,4,162.519,0,1167.89,7.28314e+008,3.4196e-010
3,4,864.69,0,1.92479e+008,1.75716e+009,7.55081e+008
3,4,851.903,0,4447.27,7.20506e+007,29.582
3,4,1520.45,0,5.36768e+006,4.21251e+007,1.42966e+007
3,4,5.3738,0,0,0,0
3,5,91.414,531.308,5.99634,199232,0.0100385
3,5,238.404,1.24965e+009,2.67456e+006,2.20537e+006,1.52067e+006
3,5,3.42023,77836.4,0,1.28019e+006,3.94972e-010
3,5,23.3908,324359,1184.91,2.47998e+008,3.45853e-009
3,5,737.424,3.70421e+008,2.14538e+009,1.5081e+007,8.27365e+008
3,5,10.0956,1.30269e+011,0,0,7.17536e-006
3,5,100.524,1.87052e+006,2183.22,1.2762e+009,4.71201e-008
3,5,24.0524,1.59565e+009,0,0,0
3,6,22264.6,2.79759e+009,0,0,0
3,6,5202.11,1.73156e+009,0,0,0
3,6,46967.2,2.8511e+009,0,0,0
3,6,789.121,1.67311e+007,0,0,0
3,6,62099.1,1.93409e+009,0,0,0
3,6,165.628,6.79592e+006,0,0,0
3,6,576.319,3.39628e+008,0,0,0
3,6,5750.49,1.67784e+007,0,0,0
3,6,789.121,6.04869e+006,0,0,0
3,6,5601.36,8.13834e+009,0,0,0
3,6,575.033,1.17617e+008,0,0,0
3,6,170.04,1.52686e+007,0,0,0
3,6,789.121,2.11302e+006,0,0,0
3,6,815.653,1.26435e+006,0,0,0
3,6,165.628,6.77993e+006,0,0,0
3,7,35269.5,0,2094.61,4412.74,21841.6
3,7,27380.5,0,8.47639e+006,1.80684e+007,5.82693e+008
3,7,7551.39,0,1.07754e+008,1.59201e+009,2.33155e+007
3,7,124.051,0,663963,1.17616e+010,5223.83
3,7,418.483,0,2.74169e+007,1.44436e+008,3.17147e+008
3,7,27380.5,0,3.01715e+009,5.89255e+009,4.47187e+008
3,7,312.29,0,2.6537e+007,2.78045e+007,4.82099e+007
3,7,783.631,0,686737,3.97363e+006,2.01931e+007
3,7,418.483,0,428155,5.89434e+009,32942.4
3,7,332.818,0,644.792,9.32041e+007,0.0779404
3,7,28576.9,0,1.41758e+008,2.45799e+009,5.42061e+007
3,7,132.577,0,0.00231225,33103.3,6.26827e-012
3,7,343.586,0,77.3569,6.80677e+008,6.94846e-008
3,7,658.599,0,662.844,2.15672e+008,0.252555
3,7,418.483,0,2549.15,1.01128e+009,2.78977e-010
3,7,7551.39,0,7.4102e+009,2.24786e+007,8.87873e+008
3,8,13588.5,3.30294e+009,1.68218e+008,8.27862e+008,7.72188e+008
3,8,27548.2,3.23571e+009,5.27595e+007,4.58492e+007,5.12048e+009
3,8,10143.9,3.10132e+008,1.948e+007,1.66483e+008,3.3414e+007
3,8,812.393,1.06203e+008,5.66157e+006,9.0102e+007,1.622e+007
3,8,13588.5,5.80176e+009,1.42276e+008,1.53888e+009,5.18974e+008
3,8,797.913,2.42127e+006,27484.1,1.94607e+009,3.37201e-009
3,8,218.016,213317,43.106,302.535,287.101
3,8,23845,1.23399e+009,1.16855e+007,675281,2.05068e+006
4,0,22635.7,1.77556e+009,0,0,0
4,0,18534.2,6.32031e+010,0,0,0
4,0,886.35,2.40222e+008,0,0,0
4,0,5934.18,1.83055e+008,0,0,0
4,0,6596,1.51888e+010,0,0,0
4,0,969220,6.33752e+008,0,0,0
4,0,884.187,1.00838e+009,0,0,0
4,0,5739.92,2.91374e+009,0,0,0
4,0,6297.65,3.87677e+010,0,0,0
4,0,4150.52,9.77277e+006,0,0,0
4,0,18534.2,1.32123e+011,0,0,0
4,0,81.1931,4.92142e+007,0,0,0
4,0,23122.5,3.2017e+010,0,0,0
4,0,3602.75,3.17177e+007,0,0,0
4,0,886.35,1.57887e+008,0,0,0
4,0,109.114,1.32415e+008,0,0,0
4,0,6498.46,9.27464e+007,0,0,0
4,0,82.0687,1.01273e+009,0,0,0
4,0,110.327,9.02916e+008,0,0,0
4,0,4211.97,1.0733e+008,0,0,0
4,0,6671.53,5.52414e+008,0,0,0
4,0,892.14,1.75653e+009,0,0,0
4,0,82.457,1.3119e+006,0,0,0
4,1,16515.2,0,1.22887e+008,3.94513e+006,2.46431e+007
4,1,156353,0,2.23651e+009,1.79439e+010,2.20766e+008
4,1,21955.9,0,7.53393e+009,1.95751e+009,3.22191e+009
4,1,149913,0,178.531,149.276,314152
4,1,22712.1,0,1.80268e+008,3.6135e+007,6.41163e+007
4,1,22480,0,6.78592e+010,7.4153e+009,3.08593e+010
4,1,22309.7,0,5.25254e+010,6.61873e+008,3.0056e+009
4,1,18191.9,0,5.01075e+006,4.03253e+008,3.7597e+008
4,2,3075.22,1.15634e+008,456205,2.01225e+006,1.53535e+007
4,2,60366.8,1.61674e+009,8.49796e+008,1.89337e+007,5.19104e+007
4,2,5538.04,1.27589e+008,3.69621e+007,1.12768e+007,1.67792e+008
4,2,13949.5,5.70407e+009,8.74804e+009,5.41622e+008,2.97127e+009
4,2,5267.5,8.7107e+008,8.89147e+007,6.54381e+007,7.45033e+008
4,2,3075.22,5.67881e+009,1.04684e+007,1.57657e+007,2.52374e+007
4,2,2390.79,2.11076e+009,4.39753e+006,708748,453624
4,2,256.362,478065,45472.5,0.00117357,0
4,2,5538.04,2.16869e+010,5.42201e+006,1.12686e+007,5.23017e+007
4,2,2486.01,4.15302e+008,488740,414.253,55.7869
4,2,3003.1,1.72332e+009,20853,332133,2203.45
4,2,5746.17,8.04442e+009,352883,132928,2438.48
4,2,34418.8,3.27346e+008,2.52e+007,2.31453e+007,2.45069e+008
4,2,3292.77,1.89968e+010,1.00003e+008,23290.4,720.502
4,2,5267.5,3.32935e+009,1.94971e+008,18.4101,0
4,2,14417.5,1.84314e+009,3.86101e+007,9.77981,13.1286
4,2,8410.46,1.7711e+008,1.22787e+008,2.39371e+007,2.26777e+008
4,3,355.093,7.90466e+007,0,0,0
4,3,22.7635,4.77807e+007,0,0,0
4,3,8.6483,6.19822e+009,0,0,0
4,3,19.9104,6061.71,0,0,0
4,3,85.9431,1.39031e+007,0,0,0
4,3,1.95622,5.90932e+011,0,0,0
4,3,20.7798,3.59171e+007,0,0,0
4,3,2.25852,2.47144e+011,0,0,0
4,4,529.638,0,244.947,0.0129621,0.00198497
4,4,235.083,0,1.57065e+008,4.53675,0
4,5,329.82,6.36531e+006,184338,0.0712152,0.0245402
4,5,230.984,3.00291e+007,3.22318e+006,0.0851309,0
4,6,6706.39,2.22953e+006,0,0,0
4,6,14597.2,1.8271e+009,0,0,0
4,6,63.3174,9.81615e+006,0,0,0
4,6,166.85,663022,0,0,0
4,6,3200.56,3.40645e+008,0,0,0
4,6,7258.82,2.94534e+009,0,0,0
4,6,98.5654,9726.73,0,0,0
4,6,83.8994,1.35254e+007,0,0,0
4,6,51.8843,1.85222e+008,0,0,0
4,6,3319.3,1.2108e+008,0,0,0
4,6,68.1769,1.53461e+007,0,0,0
4,7,6492.55,0,3.06402e+007,6.42659e+006,1.03396e+008
4,7,11101.8,0,1.08115e+010,7.06796e+008,7.96078e+009
4,7,3195.06,0,297379,6115.72,361.543
4,7,49493.5,0,1.64932e+008,2.27417e+006,3.68455e+007
4,7,10282.8,0,1.08865e+008,9.75273e+006,1.71755e+008
4,7,47991.6,0,3.04496e+009,2.51888e+008,4.59533e+008
4,7,49493.5,0,4.84129e+008,7.40031e+007,6.79645e+008
4,7,10931.5,0,2.56139e+009,7.39318e+008,5.07216e+006
4,8,46442.9,3.55518e+009,3.93549e+009,1.1719e+008,2.52709e+008
4,8,12534.5,42333.8,49504.4,7282.53,53778.2
4,8,301.015,1.31771e+007,409494,0.0436922,0.0580644
4,8,238.041,10372.8,1427.45,1.80176e-005,0
4,8,15454.2,2.04464e+009,5.47506e+009,1.68907e+008,1.56131e+009
4,8,2205.46,2058.5,2.30861,0.0153758,0.00023527
4,8,232.956,1261.06,436.844,5.20908e-007,0
4,8,137.621,820.669,237981,1.3363e-008,0
4,8,299.535,4.66316e+006,2.37459e+006,0.000999884,0
4,8,127.232,0.868269,9124.68,0,0
4,8,317.24,66957.3,2.51216e+007,1.57264e-006,0
5,0,4879.16,1.60243e+009,0,0,0
5,0,1628.57,4.77674e+009,0,0,0
5,0,236786,6.82834e+009,0,0,0
5,0,22635.7,1.23904e+010,0,0,0
5,0,4841.91,1.55401e+010,0,0,0
5,0,886.35,9.51734e+009,0,0,0
5,0,422.412,1.42896e+010,0,0,0
5,0,14814.8,7.81116e+007,0,0,0
5,0,6223.85,2.47292e+010,0,0,0
5,0,180.904,3.32502e+011,0,0,0
5,0,63.3039,1.63496e+011,0,0,0
5,0,1.35136e+006,8.01271e+009,0,0,0
5,0,816.105,1.00885e+010,0,0,0
5,0,14814.8,2.40207e+008,0,0,0
5,0,198.341,2.74247e+011,0,0,0
5,0,181.357,1.65187e+011,0,0,0
5,0,1505.51,1.00031e+010,0,0,0
5,0,856.565,1.10384e+008,0,0,0
5,0,152.547,1.76108e+007,0,0,0
5,1,17439.4,0,1.41405e+009,2.72699e+008,7.32629e+008
5,1,38804.9,0,4.0141e+010,1.73391e+010,3.97832e+008
5,1,17422.6,0,4.26906e+010,9.24008e+006,1.04357e+009
5,1,17437.2,0,5.85442e+009,2.2996e+006,3.22724e+008
5,1,34626,0,4.80957e+009,7.86468e+008,6.10477e+009
5,2,5745.69,6.44483e+008,1.07343e+009,4.58985e+006,8.85664e+007
5,2,81297,1.62799e+009,4.69099e+007,1.72637e+006,6.0422e+007
5,2,17391,2.12672e+008,4.44702e+006,682346,1.07218e+006
5,2,1390.36,5.71739e+007,4.72352e+009,4.3434e+007,1.63867e+008
5,2,294.753,625756,1.51868e+007,4.21025e+008,3.55038e+007
5,2,2640.07,1.51528e+008,9.06534e+009,2.95514e+007,7.80552e+008
5,2,1906.93,1.8726e+008,8.29137e+009,3.55903e+007,5.24612e+008
5,2,1024.89,1.85818e+008,3.81922e+009,1.39999e+009,2.72067e+008
5,2,33652.6,4.73808e+009,1.21041e+008,1.34271e+007,3.09874e+007
5,2,5130.06,18146.8,4.36305e+008,1.05196e+006,217940
5,2,294.753,11992.3,1.2882e+009,1.88656e+006,99.9421
5,2,1098.66,16492.7,8.70893e+009,1.89665e+006,106617
5,2,6035.71,1.00813e+006,3.16069e+007,2.72842e+006,674657
5,2,18259,1.0309e+007,1.02757e+009,2.32045e+007,8.17182e+007
5,2,1394.9,69822.4,3.18749e+010,1.4732e+007,0
5,3,3.01906,9.8352e+011,0,0,0
5,3,151.493,2.6442e+008,0,0,0
5,3,66.431,1.35588e+010,0,0,0
5,3,5.85128,4.95373e+008,0,0,0
5,3,48.1394,3.80158e+009,0,0,0
5,3,28.9761,3.97007e+009,0,0,0
5,3,471.477,111700,0,0,0
5,4,957.493,0,1.34305e+009,1.9997e+006,1.27482e+008
5,4,174.466,0,248.152,0.457368,0.0673314
5,4,281.523,0,2.55751e+010,2.65172e+008,6.90458e+007
5,4,64.9676,0,2.90438e+010,1.43312e+007,60167.8
5,4,424.215,0,1.30717e+009,2.03342e+008,1.98702e+006
5,4,155.351,0,8.81528e+009,5.25682e+006,4647.16
5,4,64.222,0,1.18727e+011,5.0263e+008,0
5,5,973.413,7.38679e+006,3.11876e+008,690929,2.0181e+007
5,5,7.37436,6.09628e+009,0,352068,0
5,5,1349.34,355593,8.91092e+006,3.14848e+008,2.09367e+007
5,5,108.84,28885.8,3.82432e+009,4.4353e+006,322666
5,5,32.3097,397830,1.18984e+011,3.94873e+007,0
5,5,109.684,0.956132,67319.8,129.498,0.00346418
5,5,274.596,312.713,3.16913e+007,36456.9,3535.66
5,5,7.5059,6.65332e+010,0,1.31098e+007,0
5,5,138.015,9301.05,1.97721e+009,1.90277e+006,313.975
5,5,7.24786,1.85604e+008,0,0,0
5,5,34.6241,1.25691e+009,3.40024e+011,2.31058e+010,0
5,6,995.652,1.44528e+006,0,0,0
5,6,48147.5,1.47842e+008,0,0,0
5,6,13208.4,1.67468e+008,0,0,0
5,6,67288.5,2.40505e+008,0,0,0
5,6,1086.13,3.67408e+008,0,0,0
5,6,734.578,2.36608e+008,0,0,0
5,6,521.974,2.27639e+007,0,0,0
5,6,995.652,7.04851e+006,0,0,0
5,6,36848.6,2.07909e+009,0,0,0
5,7,15001.7,0,2.91883e+008,5.91474e+007,3.66024e+007
5,7,316.639,0,1.72643e+007,8.23941e+007,1.81116e+007
5,7,10030.8,0,1.36055e+008,3.02795e+007,5.70751e+007
5,7,1058.04,0,759768,278.786,14906.8
5,7,52747.8,0,9.54227e+008,1.78107e+007,5.35021e+008
5,7,3080.81,0,7.50148e+008,165291,1.42463e+007
5,7,210.861,0,1.51751e+010,1.6108e+007,975047
5,7,1030.44,0,3.01344e+007,4.62893e+006,1.05528e+006
5,7,199.61,0,4.70437e+009,2.85986e+006,2470.64
5,7,305.426,0,4.37981e+008,7.4086e+006,16684.6
5,7,303.742,0,1.7504e+008,47174.4,0.00451104
5,7,186.933,0,2.26175e+009,2.88502e+008,0
5,7,1058.04,0,9.10913e+006,1894.24,0.00231121
5,7,14419.3,0,6.27621e+008,1.6359e+007,4.64883e+007
5,8,286.353,155759,4.52664e+006,1.1269e+008,258472
5,8,5640.41,1.4891e+006,9.1396e+006,5099.19,459340
5,8,7003.44,8.75205e+007,3.16126e+007,515597,4.30399e+006
5,8,136.192,7455.34,3.70831e+007,208625,55255.7
5,8,780.643,423045,3.80934e+007,4.44544e+006,740304
5,8,1363.46,3.95976e+006,1.60565e+008,197112,6.03513e+006
5,8,736.64,3.06255e+007,7.61896e+008,1.64387e+008,3.5531e+007
5,8,136.192,187.601,7.13133e+007,55055.8,1525.58
5,8,91.371,11233.5,5.69074e+008,923999,121348
5,8,3040.38,440297,2.01912e+007,129341,151643
5,8,84.945,1031.85,5.78504e+008,113593,5761.99
5,8,136.192,206.414,6.28738e+007,47272.3,18.1284
5,8,1296.74,13300.8,1.41681e+008,430020,100504
5,8,138.453,983843,1.74103e+008,1.93821e+006,0
5,8,286.353,744.835,4.71678e+008,146952,0.00604492
5,8,767.2,115.951,7.21088e+007,38455.9,112.286
5,8,128.867,12.5052,563606,0,0
6,0,2664.58,3.62076e+006,0,0,0
6,0,54486.5,1.52785e+009,0,0,0
6,0,3.31958e+006,5.55812e+009,0,0,0
6,0,968.373,6.52891e+008,0,0,0
6,0,200.685,38968.9,0,0,0
6,0,50165,3.54282e+009,0,0,0
6,0,100.6,8.22434e+010,0,0,0
6,0,1096.76,1.72558e+008,0,0,0
6,0,52082,1.76728e+009,0,0,0
6,0,2664.58,9.75834e+007,0,0,0
6,0,200.685,1.30669e+006,0,0,0
6,0,2708.82,1.67447e+007,0,0,0
6,0,197.242,96378.5,0,0,0
6,0,89.5776,8.42003e+011,0,0,0
6,0,992.796,7.58585e+008,0,0,0
6,0,1318.35,8.59371e+008,0,0,0
6,0,5892.47,7.52956e+009,0,0,0
6,1,89695.9,0,6.7793e+006,8.24718e+006,1.26081e+008
6,1,108869,0,4.77961e+009,7.49251e+009,7.86959e+009
6,1,22444.9,0,2.10776e+009,1.28394e+010,2.9776e+010
6,1,92877.8,0,2.99762e+008,2.33115e+009,1.08134e+010
6,1,21890.8,0,2.55758e+006,1.20174e+008,3.45217e+009
6,2,2163.12,4.8768e+008,1.98606e+008,1.97062e+008,5.61143e+008
6,2,27372.6,1.73389e+010,849589,2.15914e+006,3.47544e+006
6,2,857.101,2.05777e+008,2.41302e+008,5.29849e+007,3.11657e+008
6,2,4154.67,1.43287e+007,765753,987805,1.51339e+006
6,2,10012.1,3.29475e+009,108237,1.77135e+006,2.98556e+007
6,2,59276.3,2.2811e+009,337228,430715,8.21208e+006
6,2,9729.96,1.60634e+008,1.20019e+008,8.9327e+007,8.44452e+008
6,2,46366,6.50979e+008,1.34527e+008,1.45619e+008,2.24999e+008
6,2,393.02,79380.6,1.7932e+007,2.58628e+008,44509.4
6,2,4154.67,5.47182e+006,1.48045e+008,5.3109e+006,1.52828e+008
6,2,376.618,2.14714e+006,1.00888e+009,2386.02,1.27543e+007
6,2,620.009,1.50542e+007,2.31868e+009,9.84401e+007,5.74986e+007
6,2,801.226,535980,2.27046e+008,816.682,3.20544e+006
6,2,10012.1,6.92885e+007,8.8067e+009,3.96747e+008,1.10423e+009
6,2,2075.01,1.45477e+006,8.11527e+008,1.18891e+009,3.3664e+006
6,2,727.32,266061,8.86204e+007,3.29385e+009,92.4257
6,2,403.359,234889,6.99553e+008,9.14022e+007,0.699291
6,2,856.993,67843.9,1.61282e+006,6.54263e+008,1899.33
6,3,221.594,6.13309e+008,0,0,0
6,3,17.6709,7.88363e+010,0,0,0
6,3,14.2877,1.17842e+009,0,0,0
6,3,59.4748,2.42983e+010,0,0,0
6,3,124.505,3.18907e+006,0,0,0
6,3,2.38368,1.04509e+012,0,0,0
6,3,14.9547,79002,0,0,0
6,3,53.8485,5.19087e+006,0,0,0
6,4,856.794,0,6.48665e+007,3.7145e+006,1.79533e+008
6,4,172.491,0,3.42942e+010,6.21854e+010,1.04179e+007
6,4,118.227,0,4.0738e+008,4.85534e+010,542.655
6,4,332.563,0,1.83812e+007,1.89012e+010,18285.9
6,4,27.2622,0,5.27092e+007,3.79597e+009,0.126063
6,4,27.2996,0,5.98705e+008,0,0
6,4,118.612,0,1.0252e+011,1.04545e+010,175.844
6,5,532.42,1.29106e+007,1.13152e+008,6.84323e+006,3.92367e+007
6,5,138.207,60225.4,4.07152e+007,15.3399,411430
6,5,111.918,1.5419e+007,6.54325e+009,3.04187e+010,2.01188e+007
6,5,3.81044,3.28698e+007,1.22086e+012,0,0
6,5,34.4887,820856,1.15419e+011,0,0
6,5,138.207,244564,6.88868e+007,9.46343e+008,172988
6,5,291.109,116.205,2881.72,2.09239e+006,0.00147848
6,6,24702.8,3.89672e+009,0,0,0
6,6,670.575,387.217,0,0,0
6,6,3822.94,2.94275e+007,0,0,0
6,6,1677.53,1.14905e+007,0,0,0
6,6,316.705,3.18567e+006,0,0,0
6,6,4010.97,3.22968e+007,0,0,0
6,6,3723.21,1.42975e+008,0,0,0
6,6,708.628,206780,0,0,0
6,6,1794.64,5.56734e+006,0,0,0
6,6,521.974,397.929,0,0,0
6,6,302.569,3.88825e+006,0,0,0
6,6,619.905,1271.8,0,0,0
6,6,501.71,1352.81,0,0,0
6,7,39198.5,0,6.80706e+006,4.15711e+007,1.26408e+007
6,7,13879.7,0,7.48487e+007,2.83706e+009,4.74382e+008
6,7,6924.01,0,106164,3.59467e+006,891413
6,7,46613.7,0,1.12378e+008,1.75491e+009,5.79129e+008
6,7,1059.59,0,2.73986e+008,9.90288e+006,2.21565e+008
6,7,1088.21,0,12186,10108.6,307.922
6,7,298.652,0,1.48613e+009,1.1275e+009,1.82159e+006
6,7,176.282,0,5.87437e+009,1.70173e+009,2.40323e+007
6,7,3109.24,0,2.13772e+007,3.81117e+007,4.88024e+007
6,7,184.657,0,2.57596e+008,5.27953e+009,4765.25
6,7,284.997,0,1.82297e+006,2.35879e+008,6.17251
6,7,1285.85,0,2.52497e+007,1.74973e+007,1.60732e+008
6,7,1285.85,0,2.6015e+006,7.77356e+006,292.498
6,7,1088.21,0,9.37818e+006,1.46594e+009,41.0022
6,7,279.878,0,1.88e+009,2.59503e+009,96.6504
6,7,3331.96,0,4.30055e+008,2.06958e+007,7.7661e+006
6,8,12887.7,7.43436e+008,61391.2,2.86277e+006,2.50173e+007
6,8,40435.1,3.72092e+009,276237,733084,4.70382e+006
6,8,26674.9,7.6133e+006,233.198,1455.6,534.949
6,8,4747.45,7.47092e+006,21354.3,26432.2,56281.6
6,8,254.946,1934.5,521214,24549.8,20802
6,8,288.256,359648,1.86714e+008,335.458,2.29596e+006
6,8,1037.31,12075.4,4.54436e+006,235903,86133
6,8,275.772,53030.7,2.45995e+006,5.55005e+008,0.0513189
6,8,233.133,15.4246,285.436,143664,0.323528
7,0,991.911,2.14862e+008,0,0,0
7,0,192354,6.31297e+009,0,0,0
7,0,11319.9,3.64881e+009,0,0,0
7,0,36543.6,6.10332e+009,0,0,0
7,0,12061.8,4.26458e+008,0,0,0
7,0,209.45,4.00658e+010,0,0,0
7,0,34161.2,3.93017e+009,0,0,0
7,0,121.271,3.06624e+011,0,0,0
7,0,2.23096e+006,4.22709e+009,0,0,0
7,0,219.016,1.60619e+011,0,0,0
7,0,11319.9,2.63166e+010,0,0,0
7,0,1009.42,1.43778e+011,0,0,0
7,1,22193.7,0,2.87107e+009,2.37039e+009,1.30187e+010
7,1,132952,0,8.35088e+006,263823,1.16139e+008
7,1,34318.5,0,6.90556e+008,6.94759e+008,3.5945e+009
7,1,42276.8,0,8.3137e+009,1.25087e+010,1.86125e+010
7,1,36487.2,0,1.88742e+008,1.18036e+008,1.16893e+009
7,1,135346,0,1.08586e+008,2.03582e+008,1.26985e+009
7,1,23745,0,2.68194e+010,1.40291e+010,1.18845e+010
7,1,167672,0,9.95817e+007,1.4005e+007,1.23276e+009
7,2,12646.8,5.69015e+009,4.48657e+008,5.69648e+007,1.35321e+008
7,2,6307.35,6.05482e+008,2.2056e+009,1.65615e+007,1.02178e+009
7,2,855.913,8.84391e+007,1.68978e+009,2.27494e+007,3.18079e+009
7,2,400.684,4.13783e+008,5.84058e+008,2.37386e+007,9.44064e+009
7,2,2120.22,2.2886e+008,6.30017e+009,2.74479e+007,2.45399e+009
7,2,379.802,4.21863e+008,1.63728e+009,1.42113e+007,1.3506e+010
7,2,6307.35,2.00278e+008,5.78928e+009,2.78504e+007,2.35869e+009
7,2,970.772,8.98947e+008,2.04907e+009,7.21286e+007,2.55062e+010
7,2,863.389,4.80168e+009,17861.9,1.04555e+006,1.67891e+007
7,2,395.796,5.26412e+008,1.09905e+009,5.06032e+006,1.91581e+009
7,3,436.152,1.70203e+008,0,0,0
7,3,2.36536,3.13288e+008,0,0,0
7,3,9.7348,4.33963e+006,0,0,0
7,3,14.2198,8.93813e+010,0,0,0
7,3,2.78879,6259.19,0,0,0
7,3,79.1431,8.34356e+006,0,0,0
7,3,9.96476,8.20757e+006,0,0,0
7,4,972.012,0,971.456,3.88839,1302.53
7,4,33.6418,0,4.4477e+010,1.93739e+009,1.20558e+010
7,4,110.67,0,4.0231e+008,1.86016e+009,1.02822e+011
7,4,1034.39,0,4.36183e+006,2.30678e+008,7.55055e+009
7,4,35.758,0,1.02095e+010,1.04674e+008,0
7,5,719.812,1.18204e+007,2.3889e+008,3.07897e+006,3.75156e+008
7,5,469.641,179315,1.04551e+006,14663.7,6.44871e+006
7,5,61.1291,4218.03,0.00787947,0.0728659,0.949457
7,5,39.4759,7.55658e+007,1.22054e+008,514846,1.53774e+008
7,5,4.11404,4.59057e+006,3.14505e-009,0.000180995,0
7,5,13.2247,2.64973e+006,0.000973999,0.0505811,0
7,5,58.7014,8.00361e+008,296271,30291.6,0
7,5,39.8898,1.04632e+009,15549.7,104.056,0
7,5,4.17031,1.97241e+006,0,0,0
7,5,225.979,1.45104e+008,2.95414e+008,1.38417e+006,5.36726e+008
7,5,469.641,1.17551e+009,867.121,4845.32,86835.7
7,6,6726.65,5.22281e+008,0,0,0
7,6,37765.9,3.18207e+009,0,0,0
7,6,2641.92,6.32668e+006,0,0,0
7,6,1418.85,6.39635e+006,0,0,0
7,6,20758.3,2.61198e+009,0,0,0
7,6,117.66,2.60236e+006,0,0,0
7,6,2611.14,4.71922e+008,0,0,0
7,6,111.198,1.43323e+010,0,0,0
7,6,7225,1.07165e+009,0,0,0
7,6,1418.85,1.66252e+009,0,0,0
7,6,116.276,4.05858e+007,0,0,0
7,6,2641.92,2.96051e+007,0,0,0
7,6,3319.3,5.01884e+007,0,0,0
7,7,27988.4,0,1.04719e+006,2.07265e+006,9.00477e+007
7,7,40502.2,0,3.11648e+008,2.52369e+008,4.5703e+009
7,7,122.523,0,8.1815e+006,9.1735e+007,2.37467e+010
7,7,75.924,0,6.65961e+006,1.93466e+008,6.29462e+009
7,7,993.794,0,6.43688e+009,7.65235e+007,8.74244e+009
7,7,126.418,0,7.29707e+010,3.04709e+008,1.08525e+011
7,7,44151.6,0,3.03081e+009,4.37898e+007,2.20873e+009
7,7,875.896,0,4.16349e+007,702847,8.2423e+007
7,7,27988.4,0,1.86914e+009,1.17004e+007,2.36489e+009
7,7,128.394,0,3.66867e+006,7.33286e+007,1.79627e+009
7,7,130.284,0,1.9343e+010,8.4672e+008,4.09665e+009
7,7,943.486,0,3.6756e+006,1.70977e+006,9.66108e+007
7,7,77.8835,0,7.54146e+009,8.03094e+006,6.40312e+008
7,8,47693.7,9.90773e+008,1.30756e+006,2.81207e+006,2.77248e+007
7,8,4343.21,8.48062e+007,1.79201e+008,2.26877e+006,3.30525e+007
7,8,43711.8,2.53377e+009,5.50165e+006,2.47571e+006,9.50044e+007
7,8,106.853,5.58305e+007,1.91504e+009,4.12718e+006,5.11984e+009
7,8,207.28,4.31173e+007,1.03157e+006,617500,2.35496e+008
7,8,332.575,2.24776e+006,97241,13066.2,1.20487e+006
7,8,1429.61,2.8591e+006,1.00101e+008,1.0529e+006,1.17486e+008
7,8,102.091,3.45714e+008,98864.1,1.68119e+006,1.92177e+008
7,8,802.615,2.55279e+007,4.14105e+008,8.44585e+006,9.738e+008
7,8,109.015,3.45028e+009,1.51922e+010,1.16002e+008,7.56436e+009
7,8,104.991,1.21723e+008,80.3475,374.359,3150.05
7,8,218.795,8854.23,38993,135.684,118069
7,8,2279.18,343.634,2578.8,43.6126,5117.65
7,8,1429.61,4.63668e+007,3.52954e+008,1.80215e+006,2.91754e+009
7,8,351.431,3.14117e+007,79.2445,319.666,9.53562
7,8,207.28,2.53739e+008,206.898,1223,22755.7
7,8,103.257,3.05755e+007,0.00686011,1.09506,0
7,8,180.564,18196.7,15.369,3.94156,0
8,0,63764.4,1.14064e+009,0,0,0
8,0,4150.52,5.75219e+008,0,0,0
8,0,234.781,5.41478e+009,0,0,0
8,0,68.0189,7.4899e+010,0,0,0
8,0,6506.63,1.82955e+009,0,0,0
8,0,821.172,3.96112e+010,0,0,0
8,0,4430.07,2.03694e+009,0,0,0
8,0,63764.4,4.58504e+009,0,0,0
8,0,225.662,5.1597e+010,0,0,0
8,0,6498.46,1.46581e+009,0,0,0
8,0,732.962,3.4005e+009,0,0,0
8,0,233.432,2.03605e+010,0,0,0
8,0,689.339,1.04737e+009,0,0,0
8,0,17961.9,3.59e+009,0,0,0
8,0,757.207,4.4454e+008,0,0,0
8,0,234.781,4.32576e+010,0,0,0
8,0,717.804,1.04084e+010,0,0,0
8,1,141129,0,5.3911e+007,1.6645e+006,6.63445e+008
8,1,13139.9,0,8.69752e+009,4.34849e+009,5.44132e+008
8,1,39074.1,0,3.79647e+009,6.15603e+009,4.02555e+009
8,1,35348.7,0,1.34046e+009,1.31778e+009,6.89963e+007
8,1,160978,0,278514,1.1736e+006,728217
8,2,22439,1.66083e+009,1.544e+008,1.25024e+008,7.227e+006
8,2,13521.7,5.23892e+009,2.03009e+009,7.48122e+008,1.49182e+008
8,2,6703.27,5.59317e+006,9.47361e+006,1.81713e+006,6.46663e+008
8,2,3822.54,559701,3.11762e+006,1.02865e+006,1.08183e+009
8,2,11058.9,2.86039e+009,2.53571e+009,1.64903e+009,8.48046e+008
8,2,587.802,316806,2.54472e+009,2.1282e+007,9.02258e+008
8,2,583.279,1.77951e+006,1.77628e+010,1.5791e+008,6.32692e+009
8,2,1289.02,3.39349e+006,4.26204e+008,1.19022e+008,3.72267e+010
8,2,6148.67,1.42484e+006,1.22747e+007,1.25029e+007,8.76711e+009
8,2,532.011,367122,1.39864e+010,1.35366e+008,6.73457e+009
8,2,1342.12,1.23397e+006,1.42719e+010,1.46189e+008,3.56334e+009
8,2,3943.72,502617,3.91939e+008,2.79614e+007,4.52054e+009
8,3,7.38064,2.46163e+011,0,0,0
8,3,23.8782,3.337e+011,0,0,0
8,3,45.336,2.03748e+009,0,0,0
8,3,11.107,1.31652e+008,0,0,0
8,3,396.458,1.88325e+009,0,0,0
8,3,108.821,1.266e+010,0,0,0
8,4,65.2897,0,3.12086e+009,1.24311e+006,2.91225e+009
8,4,607.482,0,4.34122e+009,3.88693e+007,1.84755e+009
8,4,202.823,0,7.73486e+009,6.51271e+007,7.92825e+008
8,4,65.2897,0,1.85344e+010,3.23607e+009,0
8,4,471.054,0,1.87609e+010,1.29552e+008,4.88188e+008
8,4,1285.71,0,2.74347e+009,2.56709e+007,1.56389e+009
8,4,202.823,0,1.88317e+011,1.95661e+008,7.26164e+011
8,5,1332.1,1350.33,8.92927e+006,1.52129e+006,7.14166e+006
8,5,6.08361,1.18755e+009,0,0,0
8,5,152.897,228539,9.06281e+009,8.67782e+007,4.81968e+009
8,5,10.0218,5.62297e+009,0,0,0
8,6,3135.2,7.33258e+006,0,0,0
8,6,1486.92,42273.4,0,0,0
8,6,4814.29,577482,0,0,0
8,6,7557.36,8.52853e+007,0,0,0
8,6,625.642,10093.4,0,0,0
8,6,75.724,6.07012e+008,0,0,0
8,6,133.679,3.44583e+007,0,0,0
8,6,1530.49,1.21152e+006,0,0,0
8,6,605.788,9.88972e+006,0,0,0
8,6,1486.92,462221,0,0,0
8,6,3135.2,3.29841e+007,0,0,0
8,6,7557.36,2.01468e+008,0,0,0
8,6,147.528,2.49992e+008,0,0,0
8,6,638.268,52037.3,0,0,0
8,6,137.099,8.22442e+007,0,0,0
8,6,80.8817,1.50689e+010,0,0,0
8,6,97008,6.92552e+008,0,0,0
8,7,8268.24,0,2.18264e+007,1.02448e+007,4.35326e+008
8,7,1625.34,0,5234.61,10446.9,4.32271e+006
8,7,2893.17,0,77004,14635.9,2.20185e+007
8,7,24180.5,0,2.42037e+009,1.48029e+009,6.65122e+007
8,7,39893.2,0,9.6585e+007,4.45232e+008,2.12801e+007
8,7,2947.35,0,29044.7,49612.1,2.44214e+007
8,7,39893.2,0,2.61884e+009,8.33253e+008,5.08562e+008
8,7,356.738,0,1.47847e+010,8.52103e+007,2.67254e+008
8,7,1691.54,0,1.72015e+008,861242,1.14795e+007
8,7,94244.4,0,1.79312e+008,2.69615e+008,3.24548e+007
8,7,780.214,0,4.4602e+009,3.67993e+007,3.54201e+008
8,7,2817.65,0,9.75194e+006,56185.4,1.67542e+006
8,7,53930.7,0,6.74092e+006,2.89545e+007,3.49643e+006
8,7,5173.77,0,209586,57028.5,1.72099e+007
8,7,1711.29,0,1.47863e+007,48970.9,1.99999e+007
8,7,8278.05,0,7.95409e+007,1.0567e+007,9.5664e+008
8,7,320.92,0,2.2419e+009,1.64583e+007,1.58398e+009
8,8,26814.9,1.66615e+007,2.90075e+007,2.89276e+006,3.21518e+006
8,8,5228.11,372657,878430,254450,3.90169e+007
8,8,22807.2,1.19652e+009,7.07812e+008,2.54681e+008,7.21166e+007
8,8,916.071,334.451,1.84886e+006,18479.4,1.50768e+006
8,8,77.2685,1.64911e+006,8.39709e+010,2.53603e+007,5.75915e+010
8,8,898.191,101.583,4.19642e+006,29472.8,3.8034e+006
8,8,82.9007,402781,1.13357e+010,1.06094e+007,1.94865e+010
8,8,696.616,1996.91,9.29208e+007,957496,3.72303e+007
8,8,72.1713,1.59349e+008,5.13302e+010,2.6146e+007,1.7322e+011
8,8,27316.3,4.44624e+008,1.61598e+008,9.31946e+007,2.63641e+007
9,0,83677.7,8.96527e+007,0,0,0
9,0,123491,2.11703e+009,0,0,0
9,0,336800,3.17345e+009,0,0,0
9,0,154.6,3.01011e+009,0,0,0
9,0,27466.6,2.881e+009,0,0,0
9,0,1979.29,9.53619e+006,0,0,0
9,0,1938.66,2.4648e+007,0,0,0
9,0,5446.21,2.87351e+008,0,0,0
9,0,24771,6.60296e+008,0,0,0
9,0,851309,1.88849e+009,0,0,0
9,0,151.592,5.78839e+010,0,0,0
9,0,94037.3,1.59986e+008,0,0,0
9,0,123491,0,0,0,0
9,0,144.54,0,0,0,0
9,1,37623.7,0,9.17426e+008,7.07262e+009,4.35223e+009
9,1,7220.97,0,4.85441e+009,1.16898e+007,3.41008e+007
9,1,88629.1,0,8.20324e+007,6.16546e+008,1.13045e+010
9,1,7339.73,0,3.3426e+009,1.92396e+008,2.49764e+008
9,1,7653.17,0,0,0,0
9,2,13690.3,4.18564e+009,4.71596e+009,529737,6.56673e+006
9,2,50575.4,7.82106e+008,1.30055e+009,51834.5,2.36682e+006
9,2,12150.9,2.91586e+009,2.69927e+009,555443,6.37174e+006
9,2,27227.6,7.99602e+006,1.71259e+007,4998.8,144661
9,2,882.462,692787,3.09088e+007,7.09118e+008,321131
9,2,26517,1.0047e+008,700679,93814.6,106534
9,2,2150.45,22794.1,150218,408061,26.9413
9,2,1419.86,1.92744e+007,4.65577e+008,6.41055e+006,962664
9,2,662.874,1.82141e+006,7.1035e+007,6.43035e+006,9.73569e+006
9,2,2240.66,161.049,1.89165e+006,297519,1611.42
9,2,890.711,4664.73,4.10776e+009,93419.1,1754.78
9,2,662.874,325.059,3.51547e+008,1.24124e+008,36.2795
9,2,14641,0,0,0,0
9,2,878.864,0,0,0,0
9,2,11388.8,0,0,0,0
9,2,2438.36,0,0,0,0
9,2,1323.76,0,0,0,0
9,2,686.056,0,0,0,0
9,2,29527.7,0,0,0,0
9,3,4.29644,4.50067e+011,0,0,0
9,3,407.866,1.37321e+007,0,0,0
9,3,11.9235,3.61973e+011,0,0,0
9,3,6.0582,4.21622e+011,0,0,0
9,3,54.932,0,0,0,0
9,3,15.2697,0,0,0,0
9,4,86.6562,0,4.41746e+009,11256.7,11359.5
9,4,1211.15,0,8.33195e+006,6.65434e+008,801693
9,4,18.6834,0,4.49106e+006,3.81544e+008,0
9,4,61.1107,0,4.23731e+008,1.93761e+010,0
9,4,88.911,0,2.04878e+006,9.96042e+008,0
9,4,87.6295,0,0,0,0
9,4,582.768,0,0,0,0
9,4,527.057,0,0,0,0
9,5,11.8566,4426.29,0,1.21863e+009,0
9,5,346.244,1121.98,2.08399e+009,9.11239e+007,21.2163
9,5,100.792,9574.88,7.55895e+009,6.28547e+009,399.631
9,5,4.09854,3.91912e+010,4.53733e+008,0,0
9,5,745.075,285.224,3.44567e+008,3.2269e+006,31.7965
9,5,1358.11,0,0,0,0
9,5,45.2174,0,0,0,0
9,5,411.17,0,0,0,0
9,5,12.6399,0,0,0,0
9,6,50410.4,5.24893e+007,0,0,0
9,6,10552,5.91515e+008,0,0,0
9,6,13013.8,6.98387e+008,0,0,0
9,6,3135.2,6.41279e+007,0,0,0
9,6,55.9419,6.32158e+009,0,0,0
9,6,3354.13,3.13923e+006,0,0,0
9,6,214.201,4.01365e+008,0,0,0
9,6,3366.76,5.26569e+006,0,0,0
9,6,71.6155,1.36732e+009,0,0,0
9,6,55.9419,1.2584e+010,0,0,0
9,6,3369.76,2.23171e+006,0,0,0
9,6,72.181,0,0,0,0
9,6,216.199,0,0,0,0
9,6,59.0728,0,0,0,0
9,6,46706.5,7.90405e+008,0,0,0
9,7,23192.4,0,1.02264e+010,4.85871e+008,9.3994e+007
9,7,2403.73,0,328140,1299.21,71.7427
9,7,8172.57,0,18648.6,3589.88,1061.02
9,7,18912.6,0,406357,21.8306,788.806
9,7,45056.3,0,9.37514e+007,248535,714414
9,7,53930.7,0,2.67859e+008,475193,245011
9,7,657.217,0,1.16568e+008,3.3075e+006,0.922609
9,7,19600,0,341361,3.70821e+007,1750.14
9,7,2430.92,0,426918,15747,135.057
9,7,675.276,0,8.05867e+006,3.60963e+007,0.114209
9,8,14519.1,6.26939e+008,3.52425e+008,1.73334e+006,1.39638e+006
9,8,48742.2,7.93171e+007,1.85487e+008,15062.9,343352
9,8,4966.46,1.26248e+007,3.39894e+006,15038.9,15743.1
9,8,29858.7,1.21529e+008,1.43406e+008,145326,207097
9,8,721.567,81444.6,933664,9.92476e+007,2732.61
9,8,119.513,0.235823,331838,31512.2,0.0916089
9,8,208.2,754.388,8.59492e+008,4.6886e+006,25.7997
9,8,99.4968,314.658,7.83019e+008,8.38756e+007,0.56146
9,8,208.2,900.941,7.79512e+008,1.03148e+009,0
9,8,106.179,475.193,0,5.9241e+006,0
9,8,101.65,793.411,1.22825e+008,1.06997e+009,0.000485167
9,8,721.567,0,0,0,0
9,8,116.782,0,0,0,0
9,8,202.532,0,0,0,0
9,8,96.8416,0,0,0,0
10,0,181072,1.80268e+009,0,0,0
10,0,2225.49,2.04683e+010,0,0,0
10,0,977.9,1.72301e+010,0,0,0
10,0,106768,2.55258e+008,0,0,0
10,0,995.891,2.8914e+010,0,0,0
10,0,157.32,1.29508e+011,0,0,0
10,0,6621.33,1.62546e+009,0,0,0
10,0,1027.71,1.51881e+010,0,0,0
10,0,204.796,4.28921e+010,0,0,0
10,0,225.593,1.08477e+010,0,0,0
10,0,1045.74,7.25497e+009,0,0,0
10,0,110.325,1.49909e+011,0,0,0
10,0,200.96,7.39676e+006,0,0,0
10,0,146.543,5.02716e+009,0,0,0
10,0,146.543,0,0,0,0
10,0,210.032,0,0,0,0
10,1,83392.4,0,8.02518e+008,3.89546e+008,4.09104e+009
10,1,71841.7,0,2.394e+009,6.54982e+009,4.93086e+009
10,2,33533,2.12958e+008,2.47549e+006,2.57714e+006,1.39972e+006
10,2,683.849,5.55656e+007,3.50194e+008,1.08559e+006,564.298
10,2,8089.23,1.72361e+009,1.66407e+009,7.97921e+006,49335.3
10,2,1969.11,7.86951e+009,2.42146e+010,1.03671e+008,22546.5
10,2,6078.67,4.03491e+009,2.32443e+010,8.4553e+007,228355
10,2,33345.9,1.02581e+009,1.4987e+009,6.58315e+006,21683.2
10,2,321.673,4.97295e+007,1.51261e+010,8.25829e+006,18.9581
10,2,320.099,3.04528e+009,1.17722e+010,8.55317e+007,0
10,2,768.928,1.08995e+008,2.11048e+010,6.56834e+006,2304.52
10,2,738.836,9.56815e+007,1.15713e+010,6.04009e+007,0
10,2,694.661,8.89661e+008,9.71593e+008,9.95148e+006,0
10,2,1876.87,0,0,0,0
10,2,659.735,0,0,0,0
10,2,6147.4,0,0,0,0
10,2,706.809,0,0,0,0
10,2,321.673,0,0,0,0
10,3,499.061,1.88621e+008,0,0,0
10,3,320.143,5.36905e+008,0,0,0
10,3,6.16757,1.46949e+010,0,0,0
10,3,376.945,2.29671e+007,0,0,0
10,3,207.233,1.59241e+009,0,0,0
10,3,11.647,2.6681e+011,0,0,0
10,3,6.16757,1.34836e+009,0,0,0
10,3,27.978,5.84907e+008,0,0,0
10,3,11.647,0,0,0,0
10,3,106.066,0,0,0,0
10,3,14.5426,0,0,0,0
10,4,636.21,0,1.78057e+007,10087.7,0.0260727
10,4,1791.49,0,3.62963e+007,34330.9,0.0101644
10,4,691.881,0,36056.3,229.943,1.37502e-005
10,4,362.522,0,3.31235e+008,6.23026e+006,0
10,4,341.843,0,0,0,0
10,5,1115.44,8.62063e+006,7.411e+007,266615,616.81
10,5,945.375,39152.3,8.02181e+006,5496.6,0.0622562
10,5,176.235,1626.71,297758,1140.62,0.000409557
10,5,11.6425,6.04067e+009,2.52183e+008,3.4264e+006,0
10,5,36.6846,7.39687e+007,5.57737e+007,756374,0
10,5,11.5218,9.70262e+008,1.56835e+007,0,0
10,5,431.093,1.77975e+007,1.6948e+008,2.40281e+006,0
10,5,10.7733,0,0,0,0
10,6,2264.79,3.50688e+007,0,0,0
10,6,15468.7,1.9968e+008,0,0,0
10,6,49129,2.34727e+008,0,0,0
10,6,22951.5,3.32179e+008,0,0,0
10,6,32465.1,3.38527e+008,0,0,0
10,6,264.391,3.11188e+007,0,0,0
10,6,2311.92,9.19873e+007,0,0,0
10,6,283.401,2.25827e+008,0,0,0
10,6,2247.65,2.23711e+008,0,0,0
10,6,56.9272,5.66674e+009,0,0,0
10,6,62.9477,6.11425e+008,0,0,0
10,6,2264.79,7.0207e+007,0,0,0
10,6,271.493,0,0,0,0
10,7,25997.8,0,2.41044e+008,4.4252e+008,5.70024e+007
10,7,1082.72,0,889054,6395.88,0.383081
10,7,4256.25,0,3.14364e+008,1.98927e+006,12001.8
10,7,3695.21,0,5.15037e+009,2.94713e+007,57809.2
10,7,7120.79,0,7.93701e+009,4.46337e+007,267361
10,7,377.098,0,8.73417e+007,24317.3,0.852172
10,7,8349.43,0,8.94982e+008,629103,1619.28
10,7,1312.52,0,9.07377e+007,106963,92.4393
10,7,1106.28,0,6.4756e+006,9562.64,0.0489745
10,7,3583.59,0,1.30748e+009,531173,1007.42
10,7,1322.65,0,1.49405e+007,5493.6,1.26812
10,7,1108.74,0,1.89346e+006,30930.1,0
10,7,7878.3,0,2.37178e+008,667417,456.81
10,7,1101.29,0,0,0,0
10,7,4535.25,0,0,0,0
10,8,639.822,63322.6,2.79335e+006,883.875,0.846785
10,8,28244.7,1.89997e+008,2.02375e+007,2.22151e+006,43675.9
10,8,37059.2,2.77687e+008,4.59983e+006,6.71011e+006,1.74279e+006
10,8,171.159,1.39545e+006,3.75786e+006,601316,0.0968113
10,8,171.164,218370,2.97052e+008,12041.8,1.13269
10,8,328.73,81169.8,2.06378e+007,60865.6,0
10,8,1418.14,270081,6.60721e+007,4739.42,5.65602
10,8,182.666,2.82975e+006,5.13255e+007,676686,3.45153e-007
10,8,289.58,1.7044e+007,3.08399e+007,1.00952e+006,0
10,8,178.028,9.49818e+007,8.723e+006,387077,0
10,8,639.822,2.77537e+006,828589,7348.73,0
10,8,168.095,0,0,0,0
10,8,569.262,0,0,0,0
11,0,28056.8,4.65294e+008,0,0,0
11,0,23198,1.67725e+009,0,0,0
11,0,272.95,2.24197e+009,0,0,0
11,0,1104.93,1.15016e+010,0,0,0
11,0,236.75,1.19427e+010,0,0,0
11,0,936.413,4.05336e+008,0,0,0
11,0,24728.8,2.22324e+009,0,0,0
11,0,272.95,7.84382e+009,0,0,0
11,1,132952,0,1.33857e+010,1.7553e+009,5.00305e+009
11,2,13079.3,2.04788e+009,9.61072e+006,2.62567e+007,8.07686e+006
11,2,68947.6,7.90897e+008,43791.3,1.61864e+006,2555.61
11,2,5150.33,9.3429e+008,5.23094e+007,8.19795e+009,5.29942e+008
11,2,3848.72,9.45562e+006,2.92187e+006,5.38038e+008,2.95605e+007
11,2,1848.36,1.23132e+008,1.17752e+008,1.06967e+010,5.2143e+008
11,2,325.445,6.7177e+008,1.03191e+010,1.62108e+011,1.51846e+010
11,2,314.601,4.8437e+007,6.14939e+008,1.71636e+010,1.08424e+009
11,2,1732.91,1.23376e+008,4.38273e+008,1.50215e+010,1.96333e+008
11,2,309.517,1.44341e+008,5.44483e+011,5.16178e+010,1.01814e+010
11,2,1669.72,2.21584e+007,2.86324e+008,7.91243e+009,5.12292e+008
11,2,9479.1,1.65161e+007,3.9895e+008,2.15886e+009,4.22257e+008
11,2,286.577,4.62988e+009,2.64092e+010,2.04002e+010,7.089e+007
11,2,326.388,1.94765e+008,4.07894e+011,8.94218e+010,7.57445e+009
11,2,3907.33,9.46121e+006,1.32926e+009,5.73986e+008,5.33588e+008
11,2,1807.95,7.06503e+007,1.16194e+010,5.28329e+009,3.90868e+009
11,3,8.99493,17.115,0,0,0
11,3,2.13428,7.90999e+010,0,0,0
11,3,70.5076,4.69849e+010,0,0,0
11,3,9.31,1.17216e+010,0,0,0
11,3,223.481,5.90186e+009,0,0,0
11,3,8.99493,1.31813e+011,0,0,0
11,3,28.0328,1.16585e+011,0,0,0
11,3,115.781,1.07991e+008,0,0,0
11,4,950.66,0,2.85019e+008,4.26944e+009,1.79217e+008
11,4,46.3771,0,4.50014e+010,2.36379e+010,3.40763e+009
11,4,26.5312,0,4.62491e+009,4.93583e+009,5.04027e+007
11,4,197.589,0,2.0488e+010,4.48797e+010,4.88272e+009
11,4,59.0375,0,1.01254e+009,6.20711e+009,6.43108e+009
11,4,26.5312,0,4.97657e+009,3.81973e+009,0
11,4,44.642,0,1.84134e+010,1.64283e+010,0
11,4,168.996,0,1.15418e+006,1.13333e+006,12977.5
11,5,1686.89,3.47252e+006,1.60372e+007,3.40521e+008,1.73249e+007
11,5,30.3197,2.84832e+007,1.4659e+011,7.19259e+010,1.50727e+007
11,5,2.40977,2.98246e+007,0,2.83632e-005,0
11,5,28.545,1.91213e+008,1.43335e+011,1.08118e+011,2.36265e+006
11,5,2.61325,174928,0,0,0
11,5,2.70191,1.1802e+010,0,0,0
11,5,256.563,281861,8.79376e+006,3.84608e+006,374219
11,5,33.1001,2.31775e+008,1.24097e+011,3.51633e+010,0
11,6,4232.74,5.51415e+007,0,0,0
11,6,1102.89,16795.3,0,0,0
11,6,2211.83,2.52603e+006,0,0,0
11,6,1083.04,5.9318e+006,0,0,0
11,6,293.912,4.19438e+009,0,0,0
11,6,81.1762,2.22691e+010,0,0,0
11,6,1102.89,139990,0,0,0
11,6,85.9875,3.45982e+009,0,0,0
11,6,4070.32,2.02286e+008,0,0,0
11,6,81.1762,1.56356e+008,0,0,0
11,6,1055.86,47794.1,0,0,0
11,6,2191.85,3.85203e+008,0,0,0
11,6,4454.84,7.88698e+007,0,0,0
11,7,20758,0,6.59869e+007,3.57321e+008,3.07547e+007
11,7,61687.9,0,1.73684e+008,6.3006e+008,1.90488e+008
11,7,4238.53,0,348095,9.12803e+007,5.80652e+006
11,7,1627.84,0,2.2895e+007,4.32466e+008,1.53702e+007
11,7,621.784,0,813500,3.01617e+006,557761
11,7,355.408,0,1.40508e+008,1.6461e+009,1.3086e+008
11,7,588.297,0,3.10357e+007,8.62469e+008,3.14538e+007
11,7,540.809,0,1.48112e+006,1.21715e+008,6.34093e+006
11,7,1581.19,0,5.77834e+007,1.70282e+009,9.6044e+007
11,7,564.47,0,3.61661e+007,1.74196e+007,3.77247e+006
11,7,355.408,0,2.21583e+009,4.66013e+009,6.19093e+008
11,7,553.387,0,366425,1.07494e+007,1.01572e+006
11,7,1588.94,0,2.02103e+007,9.30507e+007,8.87109e+006
11,7,4259.61,0,2.70592e+007,6.79151e+008,3.23373e+007
11,7,1627.84,0,1.36742e+009,8.24432e+007,3.0546e+006
11,7,3799.62,0,1.78397e+007,2.29777e+008,4.37565e+007
11,7,353.132,0,5.28532e+009,5.24237e+007,8.41351e+006
11,7,529.93,0,1.38974e+009,2.52501e+008,1.92333e+008
11,7,621.784,0,1.05585e+007,2.39556e+006,196540
11,8,9087.86,1.17654e+008,1.41695e+006,7.45495e+007,566772
11,8,3316.18,4.63186e+006,309697,1.39518e+008,1.51394e+006
11,8,53289.6,1.11013e+009,3.13416e+006,1.42562e+007,3.51368e+006
11,8,109.666,2.4817e+007,5.61099e+007,4.3029e+009,1.1195e+009
11,8,1452.5,2.16946e+006,3.67777e+006,2.27662e+008,6.65667e+006
11,8,96.3759,9.92735e+007,4.14344e+009,2.34953e+010,8.19177e+009
11,8,200.408,9.02354e+006,1.58792e+008,4.63918e+009,5.72277e+008
11,8,109.666,9.6919e+006,1.57801e+009,1.02132e+009,4.6345e+008
11,8,350.721,6.15878e+006,6.16358e+008,5.01391e+008,1.14687e+008
11,8,96.9737,1.47328e+010,6.04977e+009,1.32346e+009,6.09581e+009
11,8,704.319,62566,4.11663e+006,3.00111e+006,189741
11,8,110.519,2.01753e+008,5.43385e+008,5.86998e+008,6.40352e+006
11,8,3316.18,95570.3,4.11824e+008,4.59742e+007,7.71443e+006
11,8,658.462,80357.4,7.74104e+006,4.17637e+006,3.28286e+006
11,8,352.581,4.37867e+008,785901,317128,0
11,8,183.658,1.90414e+008,8.86959e+007,2.0921e+007,7.49041e+007
11,8,99.2594,1.38142e+007,1.5829e+009,2.26621e+010,13329.2
12,0,16722.3,5.13037e+008,0,0,0
12,0,34752.3,9.37076e+007,0,0,0
12,0,630.666,3.37075e+008,0,0,0
12,0,930.244,9.3544e+007,0,0,0
12,0,2244.52,4.32844e+008,0,0,0
12,0,81.5419,4.21883e+008,0,0,0
12,0,990223,4.12858e+009,0,0,0
12,0,362.066,1.35004e+009,0,0,0
12,0,196.794,1.28537e+011,0,0,0
12,0,1097.65,1.1578e+009,0,0,0
12,0,18557.4,9.94073e+008,0,0,0
12,0,643.411,1.63782e+010,0,0,0
12,0,3.624e+006,4.21084e+009,0,0,0
12,0,2319.47,8.9944e+008,0,0,0
12,0,32364,2.72863e+009,0,0,0
12,0,554113,3.07482e+009,0,0,0
12,0,371.555,0,0,0,0
12,0,628.551,0,0,0,0
12,0,1069.62,0,0,0,0
12,0,16722.3,0,0,0,0
12,1,42696.8,0,9.56729,1.80644e+006,667750
12,1,35268.5,0,225429,4.80004e+010,1.36764e+010
12,1,46363.4,0,0,0,0
12,2,26113.8,5.42612e+010,2.13284e+008,1.91589e+011,2.07474e+007
12,2,7780.4,8.11815e+008,4.37103e+007,1.24069e+010,6.14411e+007
12,2,79856.8,2.68206e+008,1.05868e+006,1.39247e+008,9.17788e+006
12,2,9602.56,1.51775e+009,9.95824e+007,1.97548e+010,5.79393e+008
12,2,1673.14,807338,2.61141e+007,8.05698e+006,1.2516e+010
12,2,9507.32,3.50625e+006,1.29761e+008,5.40618e+007,5.19245e+010
12,2,1507.76,1.13048e+008,3.20747e+007,2.98081e+010,1.1626e+010
12,2,1710.62,51673.9,1.87349e+010,6.80696e+006,5.47545e+006
12,2,7304.8,1.83823e+006,8.22554e+007,4.05119e+007,2.81251e+010
12,2,559.937,12619.3,1.30238e+010,4627.84,1747.23
12,2,1608.83,0,0,0,0
12,2,7780.4,0,0,0,0
12,2,9769.38,0,0,0,0
12,3,197.399,6.00374e+009,0,0,0
12,3,166.353,1.35267e+009,0,0,0
12,3,6.87456,3.49883e+007,0,0,0
12,3,24.9961,4.36436e+011,0,0,0
12,3,5.96833,1.99921e+008,0,0,0
12,3,2.18744,0,0,0,0
12,3,46.6697,5.16771e+008,0,0,0
12,4,224.499,0,1.04459e+007,9.0441e+009,1.24763e+010
12,4,24.733,0,4.59382e+010,624452,465633
12,4,775.848,0,10299.6,2.09336e+009,9.35027e+006
12,4,445.554,0,2.40349e+009,1.11056e+007,6396.06
12,4,26.4729,0,0,0,0
12,4,463.949,0,0,0,0
12,5,76.2412,0.429633,7992.08,15.2343,8.73559
12,5,15.9361,95.6341,6.38828e+008,32447.6,18.5914
12,5,355.317,2.28305e+006,6.75058e+006,5.97547e+008,4.30022e+009
12,5,7.8309,2.26318e+008,0,0,0
12,5,27.5566,147.61,9.24059e+008,1.2279,245.268
12,5,81.2506,41726.8,1.32859e+011,23.569,0
12,5,284.889,4005.19,1.26753e+010,2.15945e+008,126070
12,5,27.5566,0,0,0,0
12,5,5.50198,0,0,0,0
12,6,62.4422,2.41272e+006,0,0,0
12,6,3826.49,8.3332e+006,0,0,0
12,6,698.356,349944,0,0,0
12,6,357.774,8.16737e+007,0,0,0
12,6,133.388,1.11158e+009,0,0,0
12,6,341.89,5.24053e+008,0,0,0
12,6,3876.01,6.23352e+007,0,0,0
12,6,698.356,1.84477e+008,0,0,0
12,6,218.533,3.68775e+008,0,0,0
12,6,65.1685,5.6189e+007,0,0,0
12,6,705.935,1.70165e+006,0,0,0
12,6,145.134,2.8397e+009,0,0,0
12,6,382.574,4.47579e+008,0,0,0
12,6,3951.12,2.57894e+007,0,0,0
12,6,217.406,1.90414e+008,0,0,0
12,6,62.4422,0,0,0,0
12,6,143.437,0,0,0,0
12,6,716.391,0,0,0,0
12,6,368.078,0,0,0,0
12,6,34371.6,1.0206e+009,0,0,0
12,7,61525.5,0,1.55449e+006,7.2211e+008,4.13925e+008
12,7,67440.1,0,9.6072e+007,2.73305e+010,2.4215e+007
12,7,25343.9,0,1.19818e+007,4.85011e+010,9.12988e+006
12,7,2776.17,0,6.02682e+006,1.81363e+008,3.90548e+008
12,7,175.195,0,1.83541e+006,5.85641e+011,5.55042e+009
12,7,124.482,0,1.10587e+011,852926,286620
12,7,162.523,0,1.43088e+009,0.401432,0
12,7,61525.5,0,6.7318e+007,3.06998e+009,4.11848e+007
12,7,224.608,0,2.06029e+010,64837.1,5.86076e+006
12,7,2786.4,0,2.12549e+006,1.79085e+008,1.35314e+009
12,7,121.202,0,7.18404e+010,81.6596,0.716861
12,7,228.674,0,0,0,0
12,8,6314.89,544356,591840,3.05263e+007,332051
12,8,48879.8,1.74839e+008,839744,4.35341e+008,397662
12,8,16730.1,2.69713e+008,1.41374e+006,2.44316e+008,118175
12,8,430.063,167932,6.43995e+006,7.36711e+006,1.73795e+009
12,8,1479.41,17258.1,802904,442866,2.77151e+008
12,8,1481.86,101.207,8.5279,2.50725e+007,24921.9
12,8,180.867,86491.5,2.49479e+010,78622,7.15665e+006
12,8,1502.43,32.9057,1.27386e+007,64.9178,21.3191
12,8,394.354,0,0,0,0
12,8,6179.27,0,0,0,0
12,8,181.989,0,0,0,0
13,0,6762.94,8.58792e+008,0,0,0
13,0,700155,2.79888e+009,0,0,0
13,0,2.50352e+006,1.63913e+010,0,0,0
13,0,542.556,8.53099e+010,0,0,0
13,0,3005.69,4.07493e+006,0,0,0
13,0,7046.56,1.88653e+011,0,0,0
13,0,1857.71,1.44155e+011,0,0,0
13,0,152.017,1.61143e+011,0,0,0
13,0,43033.8,6.11445e+008,0,0,0
13,0,6254.27,4.60294e+009,0,0,0
13,0,414.358,4.38974e+010,0,0,0
13,0,1882.15,1.47071e+010,0,0,0
13,0,24771,2.98596e+008,0,0,0
13,0,542.494,1.10628e+011,0,0,0
13,0,149.587,2.27225e+011,0,0,0
13,0,556.568,0,0,0,0
13,0,25201.3,0,0,0,0
13,0,3077.04,0,0,0,0
13,0,6384.13,0,0,0,0
13,0,992506,8.16968e+008,0,0,0
13,1,117631,0,1.4446e+009,6.37584e+009,2.29989e+009
13,1,44385,0,9.56376e+008,8.58349e+009,5.1083e+008
13,1,59668.3,0,0,0,0
13,1,51035.2,0,0,0,0
13,2,18229.3,7.56137e+008,5.70677e+009,2.046e+009,1.48222e+007
13,2,36428.6,1.07878e+008,3.5983e+008,1.64176e+007,674281
13,2,22359.7,1.73188e+008,8.85564e+008,4.31125e+007,2.13366e+006
13,2,10865.1,2.9548e+008,2.81579e+009,2.71029e+009,1.64748e+007
13,2,409.323,4.06574e+009,6.06275e+011,1.76587e+011,1.39363e+011
13,2,18034.1,2.18516e+009,3.87493e+010,7.97598e+009,6.97739e+009
13,2,22742.3,1.84314e+008,1.67107e+009,4.37122e+009,5.42414e+007
13,2,900.615,7.83742e+007,1.36202e+010,5.50948e+010,2.88861e+008
13,2,343.519,1.52736e+009,4.06033e+010,1.28893e+011,1.0461e+008
13,2,853.925,2.94522e+007,5.49774e+007,1.99569e+010,1.62897e+007
13,2,916.918,0,0,0,0
13,2,438.117,0,0,0,0
13,2,18229.3,0,0,0,0
13,2,22436.3,0,0,0,0
13,2,39051.4,0,0,0,0
13,3,2.54327,1.16442e+006,0,0,0
13,3,155.82,1.25633e+009,0,0,0
13,3,62.6893,0,0,0,0
13,3,28.392,0,0,0,0
13,3,2.70378,0,0,0,0
13,3,14.1443,0,0,0,0
13,4,508.211,0,2.99736e+009,1.02447e+009,3.31997e+008
13,4,63.5376,0,4.06519e+008,3.19368e+010,2.65364e+007
13,4,59.1111,0,293.484,6.02807e-005,0
13,4,298.647,0,199.965,11232,5.30597
13,4,845.729,0,5.99711e+008,3.95381e+010,1.7489e+007
13,4,103.592,0,1.79322e+008,3.64773e+008,678535
13,4,288.454,0,0,0,0
13,5,760.95,194447,1.48559e+007,2.96225e+006,2.78666e+006
13,5,11.1,3.66398e+010,7.53637e+009,4.57433e+010,8.38365e+008
13,5,1057.49,47347.5,8.27974e+007,1.75733e+008,293034
13,5,78.8068,5.8389e+009,101.831,3.52049e+008,7.667e+007
13,5,1499.08,3.46948e+006,2.72755e+008,2.2006e+008,1.40367e+007
13,5,2.76996,367.707,7.94848e-009,4.13064e-015,0
13,5,13.114,4.13373e+008,0.00528962,9.82348e-008,0
13,5,27.7839,6.93476e+007,1.7262e+009,1.21878e+010,121927
13,5,3.52545,51.1157,0,0,0
13,5,25.9936,0,0,0,0
13,5,158.771,0,0,0,0
13,6,94586,2.18068e+008,0,0,0
13,6,6971.28,5.70377e+007,0,0,0
13,6,266.443,1.14723e+008,0,0,0
13,6,187.333,3.0102e+006,0,0,0
13,6,25083.9,2.1099e+009,0,0,0
13,6,514.961,3.08003e+007,0,0,0
13,6,103.817,1.65561e+009,0,0,0
13,6,175.345,1.58842e+007,0,0,0
13,6,175.473,1.22148e+007,0,0,0
13,6,3340.93,2.34516e+006,0,0,0
13,6,192.243,0,0,0,0
13,6,244.32,0,0,0,0
13,6,504.602,0,0,0,0
13,6,100.828,0,0,0,0
13,6,6877.97,0,0,0,0
13,7,4295.69,0,2.08222e+007,2.99121e+007,6.38722e+006
13,7,7093.29,0,2.22744e+008,1.29577e+009,1.40222e+006
13,7,1962.74,0,1.11521e+007,6.41261e+006,3.87187e+006
13,7,17633.1,0,1.11146e+009,9.48873e+007,2.71696e+006
13,7,572.613,0,2.15403e+009,3.43339e+008,1.91923e+008
13,7,172.163,0,6.26476e+008,4.55913e+010,1.56644e+007
13,7,280.915,0,1.94882e+009,4.23176e+010,1.97964e+008
13,7,169.445,0,145.838,3.03622e+010,4.93014e+008
13,7,4402.67,0,5.59746e+006,1.17611e+008,35208.1
13,7,7069.5,0,0,0,0
13,7,270.453,0,0,0,0
13,7,572.613,0,0,0,0
13,7,1926.2,0,0,0,0
13,8,3171.85,829017,1.64116e+007,9.4513e+006,6.63446e+006
13,8,14258.4,1.81775e+009,1.24498e+010,1.91195e+009,3.33262e+007
13,8,54868.3,9.83314e+008,7.33877e+009,2.06956e+009,1.97029e+007
13,8,3795.11,1.21864e+007,8.17416e+007,4.24054e+008,907496
13,8,117.747,2.14734e+007,2.78628e+007,1.29842e+010,1.16075e+007
13,8,3359.87,139229,1.94544e+006,1.19289e+008,61609.3
13,8,39398.4,1.76315e+009,1.10573e+010,7.44148e+008,2.74406e+007
13,8,2630.78,2.02956e+006,2.35995e+007,7.57027e+006,8.9902e+006
13,8,3795.11,0,0,0,0
13,8,132.546,0,0,0,0
14,0,149707,2.37685e+009,0,0,0
14,0,2833.18,2.33035e+008,0,0,0
14,0,516820,5.62742e+009,0,0,0
14,0,21288.9,2.0823e+006,0,0,0
14,0,333040,2.16664e+009,0,0,0
14,0,511.149,9.60562e+010,0,0,0
14,0,23354.9,782390,0,0,0
14,0,707.379,1.10804e+010,0,0,0
14,0,2925.87,6.40023e+008,0,0,0
14,0,6092.01,1.83186e+008,0,0,0
14,0,550.27,7.53006e+010,0,0,0
14,0,21134.5,214420,0,0,0
14,0,698.092,4.90181e+009,0,0,0
14,0,2833.18,2.08901e+008,0,0,0
14,0,6028.71,3.72429e+008,0,0,0
14,0,651.774,2.07508e+009,0,0,0
14,0,700.874,0,0,0,0
14,2,15288.8,8.64616e+008,3.0059e+008,3.29205e+009,823617
14,2,12520.8,1.1645e+009,1.90716e+009,1.93284e+009,4.77709e+007
14,2,781.999,1.10068e+009,5.63411e+009,1.54791e+009,7.62074e+010
14,2,5466.95,9.27149e+009,7.5116e+009,1.56204e+010,9.6811e+009
14,2,1963.89,7.24578e+009,2.25067e+010,5.35183e+010,1.25435e+011
14,2,846.054,1.62092e+009,1.66672e+008,1.17093e+011,5.41205e+010
14,2,5525.88,4.14415e+008,1.81146e+009,1.51376e+010,4.43513e+010
14,2,2070.35,1.24035e+008,3.15398e+007,7.37949e+010,8.22194e+009
14,2,837.01,0,0,0,0
14,2,15288.8,0,0,0,0
14,3,2.18288,107333,0,0,0
14,3,8.64293,375722,0,0,0
14,3,60.6936,3.56317e+009,0,0,0
14,3,351.061,1.81859e+006,0,0,0
14,3,8.52981,321719,0,0,0
14,3,57.5203,1.9842e+009,0,0,0
14,3,2.20192,682900,0,0,0
14,3,8.79939,0,0,0,0
14,3,33.5829,0,0,0,0
14,3,2.00221,0,0,0,0
14,4,27.7629,0,5634.1,2.05163e+010,6.58029e+006
14,4,314.06,0,29.012,8589.14,11746.5
14,4,543.988,0,6.85945e+007,1.68128e+009,1.75106e+009
14,4,1917.77,0,7.90884e+006,8.6542e+006,1.40364e+008
14,4,6.79704,0,0.967852,0,0
14,4,9.80853,0,0.847593,1.50495e-023,36.3852
14,4,27.3205,0,7461.83,0,3.5553
14,4,335.206,0,69355.6,1.09745e+007,6.88877e+006
14,4,1219.3,0,0,0,0
14,5,10.8374,398110,0.182603,6487.25,1183.66
14,5,61.4143,5.42962e+010,21786.7,1.1312e+010,8.445e+007
14,5,34.7232,3.02173e+008,372997,8.13393e+009,6.44993e+007
14,5,6.14669,4.6346e+006,0.350235,0,22.6285
14,5,397.299,517997,6946.45,9.67653e+008,1.48263e+007
14,5,33.6831,2.53984e+010,827.481,0,2.11812e+010
14,5,242.704,1.24327e+010,3304.78,3.14921e+007,1.01616e+009
14,5,10.8374,1.00503e+009,3.89368,0,104275
14,5,35.6332,0,0,0,0
14,5,8.2282,0,0,0,0
14,5,2.88974,0,0,0,0
14,6,3677.68,511028,0,0,0
14,6,75213.6,2.13363e+008,0,0,0
14,6,3920.83,1.74007e+007,0,0,0
14,6,19785.1,6.54528e+008,0,0,0
14,6,1072.84,6.45477e+007,0,0,0
14,6,1203.89,22633,0,0,0
14,6,1070.88,2.39259e+007,0,0,0
14,6,3920.83,1.18249e+008,0,0,0
14,6,78.4921,5.69692e+009,0,0,0
14,6,1070.88,7.14747e+006,0,0,0
14,6,1274.47,4311.1,0,0,0
14,6,75.4425,1.39667e+009,0,0,0
14,6,3920.83,3.86916e+007,0,0,0
14,6,3563.54,2.07313e+006,0,0,0
14,6,71.6394,2.11028e+008,0,0,0
14,6,73.5841,0,0,0,0
14,7,6320.93,0,1.63858e+008,2.88781e+008,1.31427e+006
14,7,8416.62,0,1.66548e+007,3.49441e+007,45981
14,7,72064.1,0,1.44211e+007,4.35988e+008,2.70368e+006
14,7,1683.6,0,8.50094e+006,1.06008e+007,1.95703e+008
14,7,356.373,0,3.44794e+006,3.67506e+008,8.06598e+008
14,7,104.486,0,1.12271e+007,2.02716e+011,7.06571e+009
14,7,73.0888,0,127644,2.27222e+009,5.24999e+008
14,7,1487.73,0,102058,2.01107e+008,1.41054e+007
14,7,1581.49,0,21842.4,1.19157e+006,937719
14,7,97.7717,0,378573,1.37722e+011,5.89395e+007
14,7,73.9995,0,0,0,0
14,7,104.136,0,0,0,0
14,7,7267.99,0,0,0,0
14,7,1528.12,0,0,0,0
14,8,17246.6,2.18293e+008,6.85785e+007,7.41319e+008,178302
14,8,20919.9,1.71641e+008,2.1764e+008,5.75473e+008,502222
14,8,4784.87,2.21264e+006,3.50415e+006,7.49731e+006,209365
14,8,4860.53,4.55599e+006,3.32972e+006,4.75973e+006,9.09563e+007
14,8,767.344,23652.6,34249.7,139146,1.43033e+006
14,8,1198.16,107284,286560,2.40284e+007,9.0075e+006
14,8,152.067,1.48627e+006,226268,2.90682e+008,9.62027e+007
14,8,143.399,6.05276e+007,736595,2.20199e+007,1.50695e+007
14,8,1130.24,2.65584e+006,14600.4,684274,442993
14,8,135.004,1.43136e+007,11863.8,2.24333e+008,461251
14,8,139.441,0,0,0,0
14,8,5086.84,0,0,0,0
15,0,29099,4.52124e+009,0,0,0
15,0,6611.22,1.08391e+009,0,0,0
15,0,1702.69,1.92428e+008,0,0,0
15,0,1019.24,1.97333e+008,0,0,0
15,0,3185.6,1.94532e+006,0,0,0
15,0,5512.61,1.66534e+010,0,0,0
15,0,28701.5,1.38377e+010,0,0,0
15,0,71.2365,1142.9,0,0,0
15,0,523.317,1.08164e+009,0,0,0
15,0,1572.14,2.20176e+009,0,0,0
15,0,5563.58,2.35758e+009,0,0,0
15,0,467.554,8.35036e+008,0,0,0
15,0,1031.5,1.31844e+010,0,0,0
15,0,27657.2,1.72477e+010,0,0,0
15,0,7198.87,3.9834e+009,0,0,0
15,0,1025.9,2.94401e+008,0,0,0
15,0,431387,2.53323e+009,0,0,0
15,0,529.315,0,0,0,0
15,0,70.5623,0,0,0,0
15,0,6497.48,0,0,0,0
15,0,1019.24,0,0,0,0
15,0,766120,1.16574e+010,0,0,0
15,1,38083.7,0,1.96626e+007,1.28721e+007,5.77043e+006
15,1,71283.9,0,5.24564e+009,2.51195e+009,1.59514e+007
15,1,69491.9,0,1.19645e+009,4.08437e+008,1.21252e+010
15,1,35390.1,0,3.16822e+009,4.49174e+009,1.71793e+009
15,1,39057.4,0,1.49696e+008,1.11285e+009,1.96126e+007
15,1,71283.9,0,7.14411e+009,1.91372e+010,1.60568e+009
15,1,39263.3,0,0,0,0
15,2,29894.5,2.43242e+009,1.96416e+008,3.09487e+008,2.52191e+007
15,2,62997.2,5.06018e+009,2.62562e+008,2.58326e+008,9.0254e+007
15,2,389.273,2.30439e+009,1.69241e+010,3.7674e+011,1.91512e+011
15,2,1195.18,7.38073e+008,1.96983e+008,3.57212e+010,6.73461e+008
15,2,711.35,9.9107e+010,6.45796e+010,1.186e+011,2.70221e+011
15,2,1618.89,9.50962e+008,8.81988e+008,7.73201e+010,2.69877e+009
15,2,3056.22,3.70131e+007,7.83204e+008,2.53262e+010,2.55429e+010
15,2,364.823,1.38463e+010,1.62153e+009,4.95958e+011,3.99612e+009
15,2,1682.01,5.63882e+007,43527.8,1351.55,67193.7
15,2,669.915,1.77677e+009,6.51535e+009,5.74868e+010,9.0484e+011
15,2,424.439,2.12058e+007,68412.8,2035.53,45770.2
15,2,643.672,0,0,0,0
15,2,1338.73,0,0,0,0
15,3,320.956,4.41015e+009,0,0,0
15,3,32.2708,1.45657e+008,0,0,0
15,3,14.6339,1192.51,0,0,0
15,3,9.26511,168374,0,0,0
15,3,3.33541,1.79748e+009,0,0,0
15,3,151.375,599000,0,0,0
15,3,193.246,0,0,0,0
15,3,47.2908,0,0,0,0
15,4,27.8316,0,32853.1,0,0
15,4,463.673,0,1.04286e+010,2.59646e+010,5.91358e+009
15,4,54.7073,0,37860.5,1313.69,11917.1
15,4,84.4569,0,5.35587e+009,1.47943e+009,4.92378e+008
15,4,18.977,0,2.90007e+007,640391,0.113462
15,4,86.0731,0,240.442,108.187,3.18269e-005
15,4,52.8779,0,4.13491e+010,2.53364e+010,1.68724e+011
15,5,23.296,28186.2,1205.78,91.1831,32.2558
15,5,353.273,5.31325e+007,1.09134e+007,2.3058e+009,7.42392e+007
15,5,178.606,0.186051,3.23141,9.42165,2922.63
15,5,53.1757,2.33602e+009,1.72788e+010,8.53424e+009,1.6275e+010
15,5,23.296,8.02817e+006,0,0,0
15,5,347.591,2.3438e+008,8.82139e+006,2.08552e+006,243113
15,5,178.911,9.82888e+006,9.15674e+008,4.56738e+009,1.23944e+011
15,5,4.06255,2.06751e+008,0,0,0
15,5,4.23971,107.922,1.30586,0,0
15,5,3.95377,0,0,0,0
15,5,777.285,0,0,0,0
15,5,39.9392,0,0,0,0
15,6,51761.2,2.43842e+009,0,0,0
15,6,639.286,4.57196e+008,0,0,0
15,6,215.645,5.69871e+008,0,0,0
15,6,488.526,1.22935e+006,0,0,0
15,6,154.219,4.93082e+009,0,0,0
15,6,198.048,1.99176e+009,0,0,0
15,6,167.801,48324.5,0,0,0
15,6,230.508,0,0,0,0
15,6,589.459,0,0,0,0
15,7,11483.7,0,1.70103e+007,1.04773e+009,5.65541e+006
15,7,256.523,0,7.60353e+006,9.60402e+007,1.45928e+007
15,7,429.554,0,1.96157e+008,1.3532e+010,2.3384e+009
15,7,11483.7,0,9.43641e+006,5.13487e+009,1.35752e+008
15,7,5785.6,0,2.44017e+006,4.86658e+008,7.87204e+007
15,7,123.55,0,7.40321e+006,9.17882e+007,3.41186e+009
15,7,429.721,0,9.56656e+008,2.07307e+008,4.69107e+010
15,7,2826.58,0,2.78543e+007,1.84511e+008,3.11408e+007
15,7,5318.53,0,6.39664e+006,1.76229e+008,3.33638e+007
15,7,118.241,0,1.69835e+009,2.72004e+007,1.5409e+006
15,7,11483.7,0,3.23219e+007,2.40461e+009,1.14225e+008
15,7,438.217,0,0,0,0
15,7,290.108,0,0,0,0
15,8,17042.9,6.75841e+007,9.45057e+006,4.47747e+008,1.80005e+006
15,8,4575.71,4270.29,2688.01,866772,96547.6
15,8,80.8137,2.30956e+009,34109,35539.6,250067
15,8,446.628,2.31229e+006,6.86368e+006,1.6461e+009,3.64503e+010
15,8,475.002,24708.4,306773,1.14754e+007,1.30854e+009
15,8,402.92,1.23354e+009,1.50533e+008,7.6539e+007,8.28214e+007
15,8,401.316,2.99921e+007,886182,45265,78090.2
15,8,5001.06,2.08693e+006,412682,754935,213187
15,8,75.3387,0,0,0,0
